Consumption (kWh), Start, End
0.06200000000000000000, 2024-03-14T00:00:00+00:00, 2024-03-14T00:30:00+00:00
0.04700000000000000000, 2024-03-14T00:30:00+00:00, 2024-03-14T01:00:00+00:00
0.04500000000000000000, 2024-03-14T01:00:00+00:00, 2024-03-14T01:30:00+00:00
0.54500000000000000000, 2024-03-14T01:30:00+00:00, 2024-03-14T02:00:00+00:00
0.13600000000000000000, 2024-03-14T02:00:00+00:00, 2024-03-14T02:30:00+00:00
0.64900000000000000000, 2024-03-14T02:30:00+00:00, 2024-03-14T03:00:00+00:00
0.04800000000000000000, 2024-03-14T03:00:00+00:00, 2024-03-14T03:30:00+00:00
0.03400000000000000000, 2024-03-14T03:30:00+00:00, 2024-03-14T04:00:00+00:00
0.06400000000000000000, 2024-03-14T04:00:00+00:00, 2024-03-14T04:30:00+00:00
0.03000000000000000000, 2024-03-14T04:30:00+00:00, 2024-03-14T05:00:00+00:00
0.05200000000000000000, 2024-03-14T05:00:00+00:00, 2024-03-14T05:30:00+00:00
0.05000000000000000000, 2024-03-14T05:30:00+00:00, 2024-03-14T06:00:00+00:00
0.03000000000000000000, 2024-03-14T06:00:00+00:00, 2024-03-14T06:30:00+00:00
0.06400000000000000000, 2024-03-14T06:30:00+00:00, 2024-03-14T07:00:00+00:00
0.03200000000000000000, 2024-03-14T07:00:00+00:00, 2024-03-14T07:30:00+00:00
0.09500000000000000000, 2024-03-14T07:30:00+00:00, 2024-03-14T08:00:00+00:00
0.09600000000000000000, 2024-03-14T08:00:00+00:00, 2024-03-14T08:30:00+00:00
0.02900000000000000000, 2024-03-14T08:30:00+00:00, 2024-03-14T09:00:00+00:00
0.16200000000000000000, 2024-03-14T09:00:00+00:00, 2024-03-14T09:30:00+00:00
0.11600000000000000000, 2024-03-14T09:30:00+00:00, 2024-03-14T10:00:00+00:00
0.06400000000000000000, 2024-03-14T10:00:00+00:00, 2024-03-14T10:30:00+00:00
0.08700000000000000000, 2024-03-14T10:30:00+00:00, 2024-03-14T11:00:00+00:00
0.12000000000000000000, 2024-03-14T11:00:00+00:00, 2024-03-14T11:30:00+00:00
0.06800000000000000000, 2024-03-14T11:30:00+00:00, 2024-03-14T12:00:00+00:00
0.09100000000000000000, 2024-03-14T12:00:00+00:00, 2024-03-14T12:30:00+00:00
0.09700000000000000000, 2024-03-14T12:30:00+00:00, 2024-03-14T13:00:00+00:00
0.19000000000000000000, 2024-03-14T13:00:00+00:00, 2024-03-14T13:30:00+00:00
0.11200000000000000000, 2024-03-14T13:30:00+00:00, 2024-03-14T14:00:00+00:00
0.11400000000000000000, 2024-03-14T14:00:00+00:00, 2024-03-14T14:30:00+00:00
0.13300000000000000000, 2024-03-14T14:30:00+00:00, 2024-03-14T15:00:00+00:00
0.09900000000000000000, 2024-03-14T15:00:00+00:00, 2024-03-14T15:30:00+00:00
0.12400000000000000000, 2024-03-14T15:30:00+00:00, 2024-03-14T16:00:00+00:00
0.10200000000000000000, 2024-03-14T16:00:00+00:00, 2024-03-14T16:30:00+00:00
0.03200000000000000000, 2024-03-14T16:30:00+00:00, 2024-03-14T17:00:00+00:00
0.11000000000000000000, 2024-03-14T17:00:00+00:00, 2024-03-14T17:30:00+00:00
0.06300000000000000000, 2024-03-14T17:30:00+00:00, 2024-03-14T18:00:00+00:00
0.05000000000000000000, 2024-03-14T18:00:00+00:00, 2024-03-14T18:30:00+00:00
0.07000000000000000000, 2024-03-14T18:30:00+00:00, 2024-03-14T19:00:00+00:00
0.03600000000000000000, 2024-03-14T19:00:00+00:00, 2024-03-14T19:30:00+00:00
0.05900000000000000000, 2024-03-14T19:30:00+00:00, 2024-03-14T20:00:00+00:00
0.05800000000000000000, 2024-03-14T20:00:00+00:00, 2024-03-14T20:30:00+00:00
0.03600000000000000000, 2024-03-14T20:30:00+00:00, 2024-03-14T21:00:00+00:00
0.23900000000000000000, 2024-03-14T21:00:00+00:00, 2024-03-14T21:30:00+00:00
0.05200000000000000000, 2024-03-14T21:30:00+00:00, 2024-03-14T22:00:00+00:00
0.05600000000000000000, 2024-03-14T22:00:00+00:00, 2024-03-14T22:30:00+00:00
0.06300000000000000000, 2024-03-14T22:30:00+00:00, 2024-03-14T23:00:00+00:00
0.05300000000000000000, 2024-03-14T23:00:00+00:00, 2024-03-14T23:30:00+00:00
0.07400000000000000000, 2024-03-14T23:30:00+00:00, 2024-03-15T00:00:00+00:00
0.04400000000000000000, 2024-03-15T00:00:00+00:00, 2024-03-15T00:30:00+00:00
0.03900000000000000000, 2024-03-15T00:30:00+00:00, 2024-03-15T01:00:00+00:00
0.06300000000000000000, 2024-03-15T01:00:00+00:00, 2024-03-15T01:30:00+00:00
0.02700000000000000000, 2024-03-15T01:30:00+00:00, 2024-03-15T02:00:00+00:00
0.05600000000000000000, 2024-03-15T02:00:00+00:00, 2024-03-15T02:30:00+00:00
0.04800000000000000000, 2024-03-15T02:30:00+00:00, 2024-03-15T03:00:00+00:00
0.03400000000000000000, 2024-03-15T03:00:00+00:00, 2024-03-15T03:30:00+00:00
0.06300000000000000000, 2024-03-15T03:30:00+00:00, 2024-03-15T04:00:00+00:00
0.03100000000000000000, 2024-03-15T04:00:00+00:00, 2024-03-15T04:30:00+00:00
0.05100000000000000000, 2024-03-15T04:30:00+00:00, 2024-03-15T05:00:00+00:00
0.05200000000000000000, 2024-03-15T05:00:00+00:00, 2024-03-15T05:30:00+00:00
0.02800000000000000000, 2024-03-15T05:30:00+00:00, 2024-03-15T06:00:00+00:00
0.06500000000000000000, 2024-03-15T06:00:00+00:00, 2024-03-15T06:30:00+00:00
0.03600000000000000000, 2024-03-15T06:30:00+00:00, 2024-03-15T07:00:00+00:00
0.04700000000000000000, 2024-03-15T07:00:00+00:00, 2024-03-15T07:30:00+00:00
0.10200000000000000000, 2024-03-15T07:30:00+00:00, 2024-03-15T08:00:00+00:00
0.06600000000000000000, 2024-03-15T08:00:00+00:00, 2024-03-15T08:30:00+00:00
0.19800000000000000000, 2024-03-15T08:30:00+00:00, 2024-03-15T09:00:00+00:00
0.76900000000000000000, 2024-03-15T09:00:00+00:00, 2024-03-15T09:30:00+00:00
0.22800000000000000000, 2024-03-15T09:30:00+00:00, 2024-03-15T10:00:00+00:00
0.15000000000000000000, 2024-03-15T10:00:00+00:00, 2024-03-15T10:30:00+00:00
0.11400000000000000000, 2024-03-15T10:30:00+00:00, 2024-03-15T11:00:00+00:00
0.16400000000000000000, 2024-03-15T11:00:00+00:00, 2024-03-15T11:30:00+00:00
0.12300000000000000000, 2024-03-15T11:30:00+00:00, 2024-03-15T12:00:00+00:00
0.05000000000000000000, 2024-03-15T12:00:00+00:00, 2024-03-15T12:30:00+00:00
0.08200000000000000000, 2024-03-15T12:30:00+00:00, 2024-03-15T13:00:00+00:00
0.15700000000000000000, 2024-03-15T13:00:00+00:00, 2024-03-15T13:30:00+00:00
0.13400000000000000000, 2024-03-15T13:30:00+00:00, 2024-03-15T14:00:00+00:00
0.35200000000000000000, 2024-03-15T14:00:00+00:00, 2024-03-15T14:30:00+00:00
0.41600000000000000000, 2024-03-15T14:30:00+00:00, 2024-03-15T15:00:00+00:00
0.26700000000000000000, 2024-03-15T15:00:00+00:00, 2024-03-15T15:30:00+00:00
0.13200000000000000000, 2024-03-15T15:30:00+00:00, 2024-03-15T16:00:00+00:00
0.09800000000000000000, 2024-03-15T16:00:00+00:00, 2024-03-15T16:30:00+00:00
0.13400000000000000000, 2024-03-15T16:30:00+00:00, 2024-03-15T17:00:00+00:00
0.11700000000000000000, 2024-03-15T17:00:00+00:00, 2024-03-15T17:30:00+00:00
0.10500000000000000000, 2024-03-15T17:30:00+00:00, 2024-03-15T18:00:00+00:00
0.13800000000000000000, 2024-03-15T18:00:00+00:00, 2024-03-15T18:30:00+00:00
0.73800000000000000000, 2024-03-15T18:30:00+00:00, 2024-03-15T19:00:00+00:00
0.08000000000000000000, 2024-03-15T19:00:00+00:00, 2024-03-15T19:30:00+00:00
0.06000000000000000000, 2024-03-15T19:30:00+00:00, 2024-03-15T20:00:00+00:00
0.03500000000000000000, 2024-03-15T20:00:00+00:00, 2024-03-15T20:30:00+00:00
0.07000000000000000000, 2024-03-15T20:30:00+00:00, 2024-03-15T21:00:00+00:00
0.04300000000000000000, 2024-03-15T21:00:00+00:00, 2024-03-15T21:30:00+00:00
0.05200000000000000000, 2024-03-15T21:30:00+00:00, 2024-03-15T22:00:00+00:00
0.25600000000000000000, 2024-03-15T22:00:00+00:00, 2024-03-15T22:30:00+00:00
0.08900000000000000000, 2024-03-15T22:30:00+00:00, 2024-03-15T23:00:00+00:00
0.04600000000000000000, 2024-03-15T23:00:00+00:00, 2024-03-15T23:30:00+00:00
0.08100000000000000000, 2024-03-15T23:30:00+00:00, 2024-03-16T00:00:00+00:00
0.05500000000000000000, 2024-03-16T00:00:00+00:00, 2024-03-16T00:30:00+00:00
0.03500000000000000000, 2024-03-16T00:30:00+00:00, 2024-03-16T01:00:00+00:00
0.06300000000000000000, 2024-03-16T01:00:00+00:00, 2024-03-16T01:30:00+00:00
0.03500000000000000000, 2024-03-16T01:30:00+00:00, 2024-03-16T02:00:00+00:00
0.04700000000000000000, 2024-03-16T02:00:00+00:00, 2024-03-16T02:30:00+00:00
0.05700000000000000000, 2024-03-16T02:30:00+00:00, 2024-03-16T03:00:00+00:00
0.02500000000000000000, 2024-03-16T03:00:00+00:00, 2024-03-16T03:30:00+00:00
0.06300000000000000000, 2024-03-16T03:30:00+00:00, 2024-03-16T04:00:00+00:00
0.03800000000000000000, 2024-03-16T04:00:00+00:00, 2024-03-16T04:30:00+00:00
0.04400000000000000000, 2024-03-16T04:30:00+00:00, 2024-03-16T05:00:00+00:00
0.05400000000000000000, 2024-03-16T05:00:00+00:00, 2024-03-16T05:30:00+00:00
0.02500000000000000000, 2024-03-16T05:30:00+00:00, 2024-03-16T06:00:00+00:00
0.06900000000000000000, 2024-03-16T06:00:00+00:00, 2024-03-16T06:30:00+00:00
0.04500000000000000000, 2024-03-16T06:30:00+00:00, 2024-03-16T07:00:00+00:00
0.05600000000000000000, 2024-03-16T07:00:00+00:00, 2024-03-16T07:30:00+00:00
0.06000000000000000000, 2024-03-16T07:30:00+00:00, 2024-03-16T08:00:00+00:00
0.03300000000000000000, 2024-03-16T08:00:00+00:00, 2024-03-16T08:30:00+00:00
0.11000000000000000000, 2024-03-16T08:30:00+00:00, 2024-03-16T09:00:00+00:00
0.07300000000000000000, 2024-03-16T09:00:00+00:00, 2024-03-16T09:30:00+00:00
0.05500000000000000000, 2024-03-16T09:30:00+00:00, 2024-03-16T10:00:00+00:00
0.19900000000000000000, 2024-03-16T10:00:00+00:00, 2024-03-16T10:30:00+00:00
0.11000000000000000000, 2024-03-16T10:30:00+00:00, 2024-03-16T11:00:00+00:00
0.22300000000000000000, 2024-03-16T11:00:00+00:00, 2024-03-16T11:30:00+00:00
0.16100000000000000000, 2024-03-16T11:30:00+00:00, 2024-03-16T12:00:00+00:00
0.09900000000000000000, 2024-03-16T12:00:00+00:00, 2024-03-16T12:30:00+00:00
0.10700000000000000000, 2024-03-16T12:30:00+00:00, 2024-03-16T13:00:00+00:00
0.15200000000000000000, 2024-03-16T13:00:00+00:00, 2024-03-16T13:30:00+00:00
0.09000000000000000000, 2024-03-16T13:30:00+00:00, 2024-03-16T14:00:00+00:00
0.05200000000000000000, 2024-03-16T14:00:00+00:00, 2024-03-16T14:30:00+00:00
0.04000000000000000000, 2024-03-16T14:30:00+00:00, 2024-03-16T15:00:00+00:00
0.06600000000000000000, 2024-03-16T15:00:00+00:00, 2024-03-16T15:30:00+00:00
0.03800000000000000000, 2024-03-16T15:30:00+00:00, 2024-03-16T16:00:00+00:00
0.04300000000000000000, 2024-03-16T16:00:00+00:00, 2024-03-16T16:30:00+00:00
0.10900000000000000000, 2024-03-16T16:30:00+00:00, 2024-03-16T17:00:00+00:00
0.23100000000000000000, 2024-03-16T17:00:00+00:00, 2024-03-16T17:30:00+00:00
0.13600000000000000000, 2024-03-16T17:30:00+00:00, 2024-03-16T18:00:00+00:00
0.13800000000000000000, 2024-03-16T18:00:00+00:00, 2024-03-16T18:30:00+00:00
0.13500000000000000000, 2024-03-16T18:30:00+00:00, 2024-03-16T19:00:00+00:00
0.40100000000000000000, 2024-03-16T19:00:00+00:00, 2024-03-16T19:30:00+00:00
0.69400000000000000000, 2024-03-16T19:30:00+00:00, 2024-03-16T20:00:00+00:00
0.13000000000000000000, 2024-03-16T20:00:00+00:00, 2024-03-16T20:30:00+00:00
0.16000000000000000000, 2024-03-16T20:30:00+00:00, 2024-03-16T21:00:00+00:00
0.16100000000000000000, 2024-03-16T21:00:00+00:00, 2024-03-16T21:30:00+00:00
0.12400000000000000000, 2024-03-16T21:30:00+00:00, 2024-03-16T22:00:00+00:00
0.08500000000000000000, 2024-03-16T22:00:00+00:00, 2024-03-16T22:30:00+00:00
0.11600000000000000000, 2024-03-16T22:30:00+00:00, 2024-03-16T23:00:00+00:00
0.05800000000000000000, 2024-03-16T23:00:00+00:00, 2024-03-16T23:30:00+00:00
0.06800000000000000000, 2024-03-16T23:30:00+00:00, 2024-03-17T00:00:00+00:00
0.06200000000000000000, 2024-03-17T00:00:00+00:00, 2024-03-17T00:30:00+00:00
0.03100000000000000000, 2024-03-17T00:30:00+00:00, 2024-03-17T01:00:00+00:00
0.06900000000000000000, 2024-03-17T01:00:00+00:00, 2024-03-17T01:30:00+00:00
0.10400000000000000000, 2024-03-17T01:30:00+00:00, 2024-03-17T02:00:00+00:00
0.57900000000000000000, 2024-03-17T02:00:00+00:00, 2024-03-17T02:30:00+00:00
0.35000000000000000000, 2024-03-17T02:30:00+00:00, 2024-03-17T03:00:00+00:00
0.36400000000000000000, 2024-03-17T03:00:00+00:00, 2024-03-17T03:30:00+00:00
0.05300000000000000000, 2024-03-17T03:30:00+00:00, 2024-03-17T04:00:00+00:00
0.05900000000000000000, 2024-03-17T04:00:00+00:00, 2024-03-17T04:30:00+00:00
0.03000000000000000000, 2024-03-17T04:30:00+00:00, 2024-03-17T05:00:00+00:00
0.06500000000000000000, 2024-03-17T05:00:00+00:00, 2024-03-17T05:30:00+00:00
0.03800000000000000000, 2024-03-17T05:30:00+00:00, 2024-03-17T06:00:00+00:00
0.04500000000000000000, 2024-03-17T06:00:00+00:00, 2024-03-17T06:30:00+00:00
0.05900000000000000000, 2024-03-17T06:30:00+00:00, 2024-03-17T07:00:00+00:00
0.02500000000000000000, 2024-03-17T07:00:00+00:00, 2024-03-17T07:30:00+00:00
0.06500000000000000000, 2024-03-17T07:30:00+00:00, 2024-03-17T08:00:00+00:00
0.04300000000000000000, 2024-03-17T08:00:00+00:00, 2024-03-17T08:30:00+00:00
0.08600000000000000000, 2024-03-17T08:30:00+00:00, 2024-03-17T09:00:00+00:00
0.09600000000000000000, 2024-03-17T09:00:00+00:00, 2024-03-17T09:30:00+00:00
0.14600000000000000000, 2024-03-17T09:30:00+00:00, 2024-03-17T10:00:00+00:00
0.29600000000000000000, 2024-03-17T10:00:00+00:00, 2024-03-17T10:30:00+00:00
0.40700000000000000000, 2024-03-17T10:30:00+00:00, 2024-03-17T11:00:00+00:00
0.39700000000000000000, 2024-03-17T11:00:00+00:00, 2024-03-17T11:30:00+00:00
0.20400000000000000000, 2024-03-17T11:30:00+00:00, 2024-03-17T12:00:00+00:00
0.10900000000000000000, 2024-03-17T12:00:00+00:00, 2024-03-17T12:30:00+00:00
0.12100000000000000000, 2024-03-17T12:30:00+00:00, 2024-03-17T13:00:00+00:00
0.18400000000000000000, 2024-03-17T13:00:00+00:00, 2024-03-17T13:30:00+00:00
0.20800000000000000000, 2024-03-17T13:30:00+00:00, 2024-03-17T14:00:00+00:00
0.11200000000000000000, 2024-03-17T14:00:00+00:00, 2024-03-17T14:30:00+00:00
0.13600000000000000000, 2024-03-17T14:30:00+00:00, 2024-03-17T15:00:00+00:00
0.10700000000000000000, 2024-03-17T15:00:00+00:00, 2024-03-17T15:30:00+00:00
0.12200000000000000000, 2024-03-17T15:30:00+00:00, 2024-03-17T16:00:00+00:00
0.27700000000000000000, 2024-03-17T16:00:00+00:00, 2024-03-17T16:30:00+00:00
0.09700000000000000000, 2024-03-17T16:30:00+00:00, 2024-03-17T17:00:00+00:00
0.14200000000000000000, 2024-03-17T17:00:00+00:00, 2024-03-17T17:30:00+00:00
0.13300000000000000000, 2024-03-17T17:30:00+00:00, 2024-03-17T18:00:00+00:00
0.48300000000000000000, 2024-03-17T18:00:00+00:00, 2024-03-17T18:30:00+00:00
0.51900000000000000000, 2024-03-17T18:30:00+00:00, 2024-03-17T19:00:00+00:00
0.37400000000000000000, 2024-03-17T19:00:00+00:00, 2024-03-17T19:30:00+00:00
0.13600000000000000000, 2024-03-17T19:30:00+00:00, 2024-03-17T20:00:00+00:00
0.15300000000000000000, 2024-03-17T20:00:00+00:00, 2024-03-17T20:30:00+00:00
0.11500000000000000000, 2024-03-17T20:30:00+00:00, 2024-03-17T21:00:00+00:00
0.14900000000000000000, 2024-03-17T21:00:00+00:00, 2024-03-17T21:30:00+00:00
0.15000000000000000000, 2024-03-17T21:30:00+00:00, 2024-03-17T22:00:00+00:00
0.12200000000000000000, 2024-03-17T22:00:00+00:00, 2024-03-17T22:30:00+00:00
0.12900000000000000000, 2024-03-17T22:30:00+00:00, 2024-03-17T23:00:00+00:00
0.08900000000000000000, 2024-03-17T23:00:00+00:00, 2024-03-17T23:30:00+00:00
0.04500000000000000000, 2024-03-17T23:30:00+00:00, 2024-03-18T00:00:00+00:00
0.05200000000000000000, 2024-03-18T00:00:00+00:00, 2024-03-18T00:30:00+00:00
0.06300000000000000000, 2024-03-18T00:30:00+00:00, 2024-03-18T01:00:00+00:00
0.04800000000000000000, 2024-03-18T01:00:00+00:00, 2024-03-18T01:30:00+00:00
0.03500000000000000000, 2024-03-18T01:30:00+00:00, 2024-03-18T02:00:00+00:00
0.06100000000000000000, 2024-03-18T02:00:00+00:00, 2024-03-18T02:30:00+00:00
0.05400000000000000000, 2024-03-18T02:30:00+00:00, 2024-03-18T03:00:00+00:00
0.03000000000000000000, 2024-03-18T03:00:00+00:00, 2024-03-18T03:30:00+00:00
0.06400000000000000000, 2024-03-18T03:30:00+00:00, 2024-03-18T04:00:00+00:00
0.05000000000000000000, 2024-03-18T04:00:00+00:00, 2024-03-18T04:30:00+00:00
0.02800000000000000000, 2024-03-18T04:30:00+00:00, 2024-03-18T05:00:00+00:00
0.06500000000000000000, 2024-03-18T05:00:00+00:00, 2024-03-18T05:30:00+00:00
0.05300000000000000000, 2024-03-18T05:30:00+00:00, 2024-03-18T06:00:00+00:00
0.02900000000000000000, 2024-03-18T06:00:00+00:00, 2024-03-18T06:30:00+00:00
0.06300000000000000000, 2024-03-18T06:30:00+00:00, 2024-03-18T07:00:00+00:00
0.04500000000000000000, 2024-03-18T07:00:00+00:00, 2024-03-18T07:30:00+00:00
0.08400000000000000000, 2024-03-18T07:30:00+00:00, 2024-03-18T08:00:00+00:00
0.10500000000000000000, 2024-03-18T08:00:00+00:00, 2024-03-18T08:30:00+00:00
0.06200000000000000000, 2024-03-18T08:30:00+00:00, 2024-03-18T09:00:00+00:00
0.36700000000000000000, 2024-03-18T09:00:00+00:00, 2024-03-18T09:30:00+00:00
0.09400000000000000000, 2024-03-18T09:30:00+00:00, 2024-03-18T10:00:00+00:00
0.09100000000000000000, 2024-03-18T10:00:00+00:00, 2024-03-18T10:30:00+00:00
0.28000000000000000000, 2024-03-18T10:30:00+00:00, 2024-03-18T11:00:00+00:00
0.08600000000000000000, 2024-03-18T11:00:00+00:00, 2024-03-18T11:30:00+00:00
0.04900000000000000000, 2024-03-18T11:30:00+00:00, 2024-03-18T12:00:00+00:00
0.40200000000000000000, 2024-03-18T12:00:00+00:00, 2024-03-18T12:30:00+00:00
0.48600000000000000000, 2024-03-18T12:30:00+00:00, 2024-03-18T13:00:00+00:00
0.06700000000000000000, 2024-03-18T13:00:00+00:00, 2024-03-18T13:30:00+00:00
0.18500000000000000000, 2024-03-18T13:30:00+00:00, 2024-03-18T14:00:00+00:00
0.08500000000000000000, 2024-03-18T14:00:00+00:00, 2024-03-18T14:30:00+00:00
0.16600000000000000000, 2024-03-18T14:30:00+00:00, 2024-03-18T15:00:00+00:00
0.15700000000000000000, 2024-03-18T15:00:00+00:00, 2024-03-18T15:30:00+00:00
0.17400000000000000000, 2024-03-18T15:30:00+00:00, 2024-03-18T16:00:00+00:00
0.15400000000000000000, 2024-03-18T16:00:00+00:00, 2024-03-18T16:30:00+00:00
0.08600000000000000000, 2024-03-18T16:30:00+00:00, 2024-03-18T17:00:00+00:00
0.06300000000000000000, 2024-03-18T17:00:00+00:00, 2024-03-18T17:30:00+00:00
0.03500000000000000000, 2024-03-18T17:30:00+00:00, 2024-03-18T18:00:00+00:00
0.48400000000000000000, 2024-03-18T18:00:00+00:00, 2024-03-18T18:30:00+00:00
0.37600000000000000000, 2024-03-18T18:30:00+00:00, 2024-03-18T19:00:00+00:00
0.37100000000000000000, 2024-03-18T19:00:00+00:00, 2024-03-18T19:30:00+00:00
0.15700000000000000000, 2024-03-18T19:30:00+00:00, 2024-03-18T20:00:00+00:00
0.13500000000000000000, 2024-03-18T20:00:00+00:00, 2024-03-18T20:30:00+00:00
0.13300000000000000000, 2024-03-18T20:30:00+00:00, 2024-03-18T21:00:00+00:00
0.16100000000000000000, 2024-03-18T21:00:00+00:00, 2024-03-18T21:30:00+00:00
0.13400000000000000000, 2024-03-18T21:30:00+00:00, 2024-03-18T22:00:00+00:00
0.14200000000000000000, 2024-03-18T22:00:00+00:00, 2024-03-18T22:30:00+00:00
0.63000000000000000000, 2024-03-18T22:30:00+00:00, 2024-03-18T23:00:00+00:00
0.11600000000000000000, 2024-03-18T23:00:00+00:00, 2024-03-18T23:30:00+00:00
0.65200000000000000000, 2024-03-18T23:30:00+00:00, 2024-03-19T00:00:00+00:00
0.04300000000000000000, 2024-03-19T00:00:00+00:00, 2024-03-19T00:30:00+00:00
0.05400000000000000000, 2024-03-19T00:30:00+00:00, 2024-03-19T01:00:00+00:00
0.06100000000000000000, 2024-03-19T01:00:00+00:00, 2024-03-19T01:30:00+00:00
0.03200000000000000000, 2024-03-19T01:30:00+00:00, 2024-03-19T02:00:00+00:00
0.06500000000000000000, 2024-03-19T02:00:00+00:00, 2024-03-19T02:30:00+00:00
0.04400000000000000000, 2024-03-19T02:30:00+00:00, 2024-03-19T03:00:00+00:00
0.04300000000000000000, 2024-03-19T03:00:00+00:00, 2024-03-19T03:30:00+00:00
0.06500000000000000000, 2024-03-19T03:30:00+00:00, 2024-03-19T04:00:00+00:00
0.03000000000000000000, 2024-03-19T04:00:00+00:00, 2024-03-19T04:30:00+00:00
0.06000000000000000000, 2024-03-19T04:30:00+00:00, 2024-03-19T05:00:00+00:00
0.04900000000000000000, 2024-03-19T05:00:00+00:00, 2024-03-19T05:30:00+00:00
0.03500000000000000000, 2024-03-19T05:30:00+00:00, 2024-03-19T06:00:00+00:00
0.06600000000000000000, 2024-03-19T06:00:00+00:00, 2024-03-19T06:30:00+00:00
0.17500000000000000000, 2024-03-19T06:30:00+00:00, 2024-03-19T07:00:00+00:00
0.06200000000000000000, 2024-03-19T07:00:00+00:00, 2024-03-19T07:30:00+00:00
0.09500000000000000000, 2024-03-19T07:30:00+00:00, 2024-03-19T08:00:00+00:00
0.07900000000000000000, 2024-03-19T08:00:00+00:00, 2024-03-19T08:30:00+00:00
0.08200000000000000000, 2024-03-19T08:30:00+00:00, 2024-03-19T09:00:00+00:00
0.26000000000000000000, 2024-03-19T09:00:00+00:00, 2024-03-19T09:30:00+00:00
0.06700000000000000000, 2024-03-19T09:30:00+00:00, 2024-03-19T10:00:00+00:00
0.06500000000000000000, 2024-03-19T10:00:00+00:00, 2024-03-19T10:30:00+00:00
0.02500000000000000000, 2024-03-19T10:30:00+00:00, 2024-03-19T11:00:00+00:00
0.06100000000000000000, 2024-03-19T11:00:00+00:00, 2024-03-19T11:30:00+00:00
0.04900000000000000000, 2024-03-19T11:30:00+00:00, 2024-03-19T12:00:00+00:00
0.03300000000000000000, 2024-03-19T12:00:00+00:00, 2024-03-19T12:30:00+00:00
0.06400000000000000000, 2024-03-19T12:30:00+00:00, 2024-03-19T13:00:00+00:00
0.03700000000000000000, 2024-03-19T13:00:00+00:00, 2024-03-19T13:30:00+00:00
0.04900000000000000000, 2024-03-19T13:30:00+00:00, 2024-03-19T14:00:00+00:00
0.06300000000000000000, 2024-03-19T14:00:00+00:00, 2024-03-19T14:30:00+00:00
0.02600000000000000000, 2024-03-19T14:30:00+00:00, 2024-03-19T15:00:00+00:00
0.13300000000000000000, 2024-03-19T15:00:00+00:00, 2024-03-19T15:30:00+00:00
0.11800000000000000000, 2024-03-19T15:30:00+00:00, 2024-03-19T16:00:00+00:00
0.11000000000000000000, 2024-03-19T16:00:00+00:00, 2024-03-19T16:30:00+00:00
0.13700000000000000000, 2024-03-19T16:30:00+00:00, 2024-03-19T17:00:00+00:00
0.08200000000000000000, 2024-03-19T17:00:00+00:00, 2024-03-19T17:30:00+00:00
0.43700000000000000000, 2024-03-19T17:30:00+00:00, 2024-03-19T18:00:00+00:00
0.44900000000000000000, 2024-03-19T18:00:00+00:00, 2024-03-19T18:30:00+00:00
0.23200000000000000000, 2024-03-19T18:30:00+00:00, 2024-03-19T19:00:00+00:00
0.10200000000000000000, 2024-03-19T19:00:00+00:00, 2024-03-19T19:30:00+00:00
0.05800000000000000000, 2024-03-19T19:30:00+00:00, 2024-03-19T20:00:00+00:00
0.05800000000000000000, 2024-03-19T20:00:00+00:00, 2024-03-19T20:30:00+00:00
0.07700000000000000000, 2024-03-19T20:30:00+00:00, 2024-03-19T21:00:00+00:00
0.03700000000000000000, 2024-03-19T21:00:00+00:00, 2024-03-19T21:30:00+00:00
0.06800000000000000000, 2024-03-19T21:30:00+00:00, 2024-03-19T22:00:00+00:00
0.05300000000000000000, 2024-03-19T22:00:00+00:00, 2024-03-19T22:30:00+00:00
0.27000000000000000000, 2024-03-19T22:30:00+00:00, 2024-03-19T23:00:00+00:00
0.08800000000000000000, 2024-03-19T23:00:00+00:00, 2024-03-19T23:30:00+00:00
0.05100000000000000000, 2024-03-19T23:30:00+00:00, 2024-03-20T00:00:00+00:00
0.05400000000000000000, 2024-03-20T00:00:00+00:00, 2024-03-20T00:30:00+00:00
0.06100000000000000000, 2024-03-20T00:30:00+00:00, 2024-03-20T01:00:00+00:00
0.03000000000000000000, 2024-03-20T01:00:00+00:00, 2024-03-20T01:30:00+00:00
0.06500000000000000000, 2024-03-20T01:30:00+00:00, 2024-03-20T02:00:00+00:00
0.04500000000000000000, 2024-03-20T02:00:00+00:00, 2024-03-20T02:30:00+00:00
0.04100000000000000000, 2024-03-20T02:30:00+00:00, 2024-03-20T03:00:00+00:00
0.06500000000000000000, 2024-03-20T03:00:00+00:00, 2024-03-20T03:30:00+00:00
0.03500000000000000000, 2024-03-20T03:30:00+00:00, 2024-03-20T04:00:00+00:00
0.05600000000000000000, 2024-03-20T04:00:00+00:00, 2024-03-20T04:30:00+00:00
0.05200000000000000000, 2024-03-20T04:30:00+00:00, 2024-03-20T05:00:00+00:00
0.03400000000000000000, 2024-03-20T05:00:00+00:00, 2024-03-20T05:30:00+00:00
0.06600000000000000000, 2024-03-20T05:30:00+00:00, 2024-03-20T06:00:00+00:00
0.04000000000000000000, 2024-03-20T06:00:00+00:00, 2024-03-20T06:30:00+00:00
0.05300000000000000000, 2024-03-20T06:30:00+00:00, 2024-03-20T07:00:00+00:00
0.05600000000000000000, 2024-03-20T07:00:00+00:00, 2024-03-20T07:30:00+00:00
0.07500000000000000000, 2024-03-20T07:30:00+00:00, 2024-03-20T08:00:00+00:00
0.10100000000000000000, 2024-03-20T08:00:00+00:00, 2024-03-20T08:30:00+00:00
0.09800000000000000000, 2024-03-20T08:30:00+00:00, 2024-03-20T09:00:00+00:00
0.30500000000000000000, 2024-03-20T09:00:00+00:00, 2024-03-20T09:30:00+00:00
0.12600000000000000000, 2024-03-20T09:30:00+00:00, 2024-03-20T10:00:00+00:00
0.16100000000000000000, 2024-03-20T10:00:00+00:00, 2024-03-20T10:30:00+00:00
0.08100000000000000000, 2024-03-20T10:30:00+00:00, 2024-03-20T11:00:00+00:00
0.09200000000000000000, 2024-03-20T11:00:00+00:00, 2024-03-20T11:30:00+00:00
0.05400000000000000000, 2024-03-20T11:30:00+00:00, 2024-03-20T12:00:00+00:00
0.34300000000000000000, 2024-03-20T12:00:00+00:00, 2024-03-20T12:30:00+00:00
0.46100000000000000000, 2024-03-20T12:30:00+00:00, 2024-03-20T13:00:00+00:00
0.07200000000000000000, 2024-03-20T13:00:00+00:00, 2024-03-20T13:30:00+00:00
0.08200000000000000000, 2024-03-20T13:30:00+00:00, 2024-03-20T14:00:00+00:00
0.10000000000000000000, 2024-03-20T14:00:00+00:00, 2024-03-20T14:30:00+00:00
0.07200000000000000000, 2024-03-20T14:30:00+00:00, 2024-03-20T15:00:00+00:00
0.46200000000000000000, 2024-03-20T15:00:00+00:00, 2024-03-20T15:30:00+00:00
0.39900000000000000000, 2024-03-20T15:30:00+00:00, 2024-03-20T16:00:00+00:00
0.37800000000000000000, 2024-03-20T16:00:00+00:00, 2024-03-20T16:30:00+00:00
0.35800000000000000000, 2024-03-20T16:30:00+00:00, 2024-03-20T17:00:00+00:00
0.74400000000000000000, 2024-03-20T17:00:00+00:00, 2024-03-20T17:30:00+00:00
0.15400000000000000000, 2024-03-20T17:30:00+00:00, 2024-03-20T18:00:00+00:00
0.13500000000000000000, 2024-03-20T18:00:00+00:00, 2024-03-20T18:30:00+00:00
0.13000000000000000000, 2024-03-20T18:30:00+00:00, 2024-03-20T19:00:00+00:00
0.08500000000000000000, 2024-03-20T19:00:00+00:00, 2024-03-20T19:30:00+00:00
0.10600000000000000000, 2024-03-20T19:30:00+00:00, 2024-03-20T20:00:00+00:00
0.11200000000000000000, 2024-03-20T20:00:00+00:00, 2024-03-20T20:30:00+00:00
0.08100000000000000000, 2024-03-20T20:30:00+00:00, 2024-03-20T21:00:00+00:00
0.12000000000000000000, 2024-03-20T21:00:00+00:00, 2024-03-20T21:30:00+00:00
0.05500000000000000000, 2024-03-20T21:30:00+00:00, 2024-03-20T22:00:00+00:00
0.04600000000000000000, 2024-03-20T22:00:00+00:00, 2024-03-20T22:30:00+00:00
0.07700000000000000000, 2024-03-20T22:30:00+00:00, 2024-03-20T23:00:00+00:00
0.04900000000000000000, 2024-03-20T23:00:00+00:00, 2024-03-20T23:30:00+00:00
0.07100000000000000000, 2024-03-20T23:30:00+00:00, 2024-03-21T00:00:00+00:00
0.04900000000000000000, 2024-03-21T00:00:00+00:00, 2024-03-21T00:30:00+00:00
0.03300000000000000000, 2024-03-21T00:30:00+00:00, 2024-03-21T01:00:00+00:00
0.06300000000000000000, 2024-03-21T01:00:00+00:00, 2024-03-21T01:30:00+00:00
0.03100000000000000000, 2024-03-21T01:30:00+00:00, 2024-03-21T02:00:00+00:00
0.05100000000000000000, 2024-03-21T02:00:00+00:00, 2024-03-21T02:30:00+00:00
0.05200000000000000000, 2024-03-21T02:30:00+00:00, 2024-03-21T03:00:00+00:00
0.02800000000000000000, 2024-03-21T03:00:00+00:00, 2024-03-21T03:30:00+00:00
0.06300000000000000000, 2024-03-21T03:30:00+00:00, 2024-03-21T04:00:00+00:00
0.03400000000000000000, 2024-03-21T04:00:00+00:00, 2024-03-21T04:30:00+00:00
0.04700000000000000000, 2024-03-21T04:30:00+00:00, 2024-03-21T05:00:00+00:00
0.05200000000000000000, 2024-03-21T05:00:00+00:00, 2024-03-21T05:30:00+00:00
0.02800000000000000000, 2024-03-21T05:30:00+00:00, 2024-03-21T06:00:00+00:00
0.06300000000000000000, 2024-03-21T06:00:00+00:00, 2024-03-21T06:30:00+00:00
0.03300000000000000000, 2024-03-21T06:30:00+00:00, 2024-03-21T07:00:00+00:00
0.04700000000000000000, 2024-03-21T07:00:00+00:00, 2024-03-21T07:30:00+00:00
0.09700000000000000000, 2024-03-21T07:30:00+00:00, 2024-03-21T08:00:00+00:00
0.06600000000000000000, 2024-03-21T08:00:00+00:00, 2024-03-21T08:30:00+00:00
0.07700000000000000000, 2024-03-21T08:30:00+00:00, 2024-03-21T09:00:00+00:00
0.34200000000000000000, 2024-03-21T09:00:00+00:00, 2024-03-21T09:30:00+00:00
0.07600000000000000000, 2024-03-21T09:30:00+00:00, 2024-03-21T10:00:00+00:00
0.08400000000000000000, 2024-03-21T10:00:00+00:00, 2024-03-21T10:30:00+00:00
0.05800000000000000000, 2024-03-21T10:30:00+00:00, 2024-03-21T11:00:00+00:00
0.16300000000000000000, 2024-03-21T11:00:00+00:00, 2024-03-21T11:30:00+00:00
0.08900000000000000000, 2024-03-21T11:30:00+00:00, 2024-03-21T12:00:00+00:00
0.04800000000000000000, 2024-03-21T12:00:00+00:00, 2024-03-21T12:30:00+00:00
0.14500000000000000000, 2024-03-21T12:30:00+00:00, 2024-03-21T13:00:00+00:00
0.35400000000000000000, 2024-03-21T13:00:00+00:00, 2024-03-21T13:30:00+00:00
0.21500000000000000000, 2024-03-21T13:30:00+00:00, 2024-03-21T14:00:00+00:00
0.50600000000000000000, 2024-03-21T14:00:00+00:00, 2024-03-21T14:30:00+00:00
0.45300000000000000000, 2024-03-21T14:30:00+00:00, 2024-03-21T15:00:00+00:00
0.40400000000000000000, 2024-03-21T15:00:00+00:00, 2024-03-21T15:30:00+00:00
0.12100000000000000000, 2024-03-21T15:30:00+00:00, 2024-03-21T16:00:00+00:00
0.04700000000000000000, 2024-03-21T16:00:00+00:00, 2024-03-21T16:30:00+00:00
0.04600000000000000000, 2024-03-21T16:30:00+00:00, 2024-03-21T17:00:00+00:00
0.06100000000000000000, 2024-03-21T17:00:00+00:00, 2024-03-21T17:30:00+00:00
0.07100000000000000000, 2024-03-21T17:30:00+00:00, 2024-03-21T18:00:00+00:00
0.59400000000000000000, 2024-03-21T18:00:00+00:00, 2024-03-21T18:30:00+00:00
0.58000000000000000000, 2024-03-21T18:30:00+00:00, 2024-03-21T19:00:00+00:00
0.08600000000000000000, 2024-03-21T19:00:00+00:00, 2024-03-21T19:30:00+00:00
0.09000000000000000000, 2024-03-21T19:30:00+00:00, 2024-03-21T20:00:00+00:00
0.05600000000000000000, 2024-03-21T20:00:00+00:00, 2024-03-21T20:30:00+00:00
0.05000000000000000000, 2024-03-21T20:30:00+00:00, 2024-03-21T21:00:00+00:00
0.06500000000000000000, 2024-03-21T21:00:00+00:00, 2024-03-21T21:30:00+00:00
0.02900000000000000000, 2024-03-21T21:30:00+00:00, 2024-03-21T22:00:00+00:00
0.06500000000000000000, 2024-03-21T22:00:00+00:00, 2024-03-21T22:30:00+00:00
0.06400000000000000000, 2024-03-21T22:30:00+00:00, 2024-03-21T23:00:00+00:00
0.05600000000000000000, 2024-03-21T23:00:00+00:00, 2024-03-21T23:30:00+00:00
0.06400000000000000000, 2024-03-21T23:30:00+00:00, 2024-03-22T00:00:00+00:00
0.02800000000000000000, 2024-03-22T00:00:00+00:00, 2024-03-22T00:30:00+00:00
0.05400000000000000000, 2024-03-22T00:30:00+00:00, 2024-03-22T01:00:00+00:00
0.04800000000000000000, 2024-03-22T01:00:00+00:00, 2024-03-22T01:30:00+00:00
0.03300000000000000000, 2024-03-22T01:30:00+00:00, 2024-03-22T02:00:00+00:00
0.06200000000000000000, 2024-03-22T02:00:00+00:00, 2024-03-22T02:30:00+00:00
0.03100000000000000000, 2024-03-22T02:30:00+00:00, 2024-03-22T03:00:00+00:00
0.05000000000000000000, 2024-03-22T03:00:00+00:00, 2024-03-22T03:30:00+00:00
0.05100000000000000000, 2024-03-22T03:30:00+00:00, 2024-03-22T04:00:00+00:00
0.02900000000000000000, 2024-03-22T04:00:00+00:00, 2024-03-22T04:30:00+00:00
0.06300000000000000000, 2024-03-22T04:30:00+00:00, 2024-03-22T05:00:00+00:00
0.03100000000000000000, 2024-03-22T05:00:00+00:00, 2024-03-22T05:30:00+00:00
0.04900000000000000000, 2024-03-22T05:30:00+00:00, 2024-03-22T06:00:00+00:00
0.05100000000000000000, 2024-03-22T06:00:00+00:00, 2024-03-22T06:30:00+00:00
0.02900000000000000000, 2024-03-22T06:30:00+00:00, 2024-03-22T07:00:00+00:00
0.06300000000000000000, 2024-03-22T07:00:00+00:00, 2024-03-22T07:30:00+00:00
0.07800000000000000000, 2024-03-22T07:30:00+00:00, 2024-03-22T08:00:00+00:00
0.09200000000000000000, 2024-03-22T08:00:00+00:00, 2024-03-22T08:30:00+00:00
0.08000000000000000000, 2024-03-22T08:30:00+00:00, 2024-03-22T09:00:00+00:00
0.31200000000000000000, 2024-03-22T09:00:00+00:00, 2024-03-22T09:30:00+00:00
0.08400000000000000000, 2024-03-22T09:30:00+00:00, 2024-03-22T10:00:00+00:00
0.06700000000000000000, 2024-03-22T10:00:00+00:00, 2024-03-22T10:30:00+00:00
0.16600000000000000000, 2024-03-22T10:30:00+00:00, 2024-03-22T11:00:00+00:00
0.09400000000000000000, 2024-03-22T11:00:00+00:00, 2024-03-22T11:30:00+00:00
0.05800000000000000000, 2024-03-22T11:30:00+00:00, 2024-03-22T12:00:00+00:00
0.36300000000000000000, 2024-03-22T12:00:00+00:00, 2024-03-22T12:30:00+00:00
0.10800000000000000000, 2024-03-22T12:30:00+00:00, 2024-03-22T13:00:00+00:00
0.06200000000000000000, 2024-03-22T13:00:00+00:00, 2024-03-22T13:30:00+00:00
0.07000000000000000000, 2024-03-22T13:30:00+00:00, 2024-03-22T14:00:00+00:00
0.08400000000000000000, 2024-03-22T14:00:00+00:00, 2024-03-22T14:30:00+00:00
0.48000000000000000000, 2024-03-22T14:30:00+00:00, 2024-03-22T15:00:00+00:00
0.41700000000000000000, 2024-03-22T15:00:00+00:00, 2024-03-22T15:30:00+00:00
0.07000000000000000000, 2024-03-22T15:30:00+00:00, 2024-03-22T16:00:00+00:00
0.04600000000000000000, 2024-03-22T16:00:00+00:00, 2024-03-22T16:30:00+00:00
0.08000000000000000000, 2024-03-22T16:30:00+00:00, 2024-03-22T17:00:00+00:00
0.04700000000000000000, 2024-03-22T17:00:00+00:00, 2024-03-22T17:30:00+00:00
0.04800000000000000000, 2024-03-22T17:30:00+00:00, 2024-03-22T18:00:00+00:00
0.06800000000000000000, 2024-03-22T18:00:00+00:00, 2024-03-22T18:30:00+00:00
0.31500000000000000000, 2024-03-22T18:30:00+00:00, 2024-03-22T19:00:00+00:00
0.41600000000000000000, 2024-03-22T19:00:00+00:00, 2024-03-22T19:30:00+00:00
0.18400000000000000000, 2024-03-22T19:30:00+00:00, 2024-03-22T20:00:00+00:00
0.10300000000000000000, 2024-03-22T20:00:00+00:00, 2024-03-22T20:30:00+00:00
0.13800000000000000000, 2024-03-22T20:30:00+00:00, 2024-03-22T21:00:00+00:00
0.11200000000000000000, 2024-03-22T21:00:00+00:00, 2024-03-22T21:30:00+00:00
0.11600000000000000000, 2024-03-22T21:30:00+00:00, 2024-03-22T22:00:00+00:00
0.13500000000000000000, 2024-03-22T22:00:00+00:00, 2024-03-22T22:30:00+00:00
0.07700000000000000000, 2024-03-22T22:30:00+00:00, 2024-03-22T23:00:00+00:00
0.07800000000000000000, 2024-03-22T23:00:00+00:00, 2024-03-22T23:30:00+00:00
0.06000000000000000000, 2024-03-22T23:30:00+00:00, 2024-03-23T00:00:00+00:00
0.04700000000000000000, 2024-03-23T00:00:00+00:00, 2024-03-23T00:30:00+00:00
0.07100000000000000000, 2024-03-23T00:30:00+00:00, 2024-03-23T01:00:00+00:00
0.02900000000000000000, 2024-03-23T01:00:00+00:00, 2024-03-23T01:30:00+00:00
0.05300000000000000000, 2024-03-23T01:30:00+00:00, 2024-03-23T02:00:00+00:00
0.04800000000000000000, 2024-03-23T02:00:00+00:00, 2024-03-23T02:30:00+00:00
0.03000000000000000000, 2024-03-23T02:30:00+00:00, 2024-03-23T03:00:00+00:00
0.06300000000000000000, 2024-03-23T03:00:00+00:00, 2024-03-23T03:30:00+00:00
0.03000000000000000000, 2024-03-23T03:30:00+00:00, 2024-03-23T04:00:00+00:00
0.04900000000000000000, 2024-03-23T04:00:00+00:00, 2024-03-23T04:30:00+00:00
0.05100000000000000000, 2024-03-23T04:30:00+00:00, 2024-03-23T05:00:00+00:00
0.03000000000000000000, 2024-03-23T05:00:00+00:00, 2024-03-23T05:30:00+00:00
0.06400000000000000000, 2024-03-23T05:30:00+00:00, 2024-03-23T06:00:00+00:00
0.03700000000000000000, 2024-03-23T06:00:00+00:00, 2024-03-23T06:30:00+00:00
0.05300000000000000000, 2024-03-23T06:30:00+00:00, 2024-03-23T07:00:00+00:00
0.05800000000000000000, 2024-03-23T07:00:00+00:00, 2024-03-23T07:30:00+00:00
0.03600000000000000000, 2024-03-23T07:30:00+00:00, 2024-03-23T08:00:00+00:00
0.05900000000000000000, 2024-03-23T08:00:00+00:00, 2024-03-23T08:30:00+00:00
0.07600000000000000000, 2024-03-23T08:30:00+00:00, 2024-03-23T09:00:00+00:00
0.08900000000000000000, 2024-03-23T09:00:00+00:00, 2024-03-23T09:30:00+00:00
0.05900000000000000000, 2024-03-23T09:30:00+00:00, 2024-03-23T10:00:00+00:00
0.02000000000000000000, 2024-03-23T10:00:00+00:00, 2024-03-23T10:30:00+00:00
0.28500000000000000000, 2024-03-23T10:30:00+00:00, 2024-03-23T11:00:00+00:00
0.06200000000000000000, 2024-03-23T11:00:00+00:00, 2024-03-23T11:30:00+00:00
0.09100000000000000000, 2024-03-23T11:30:00+00:00, 2024-03-23T12:00:00+00:00
0.16900000000000000000, 2024-03-23T12:00:00+00:00, 2024-03-23T12:30:00+00:00
1.0850000000000000, 2024-03-23T12:30:00+00:00, 2024-03-23T13:00:00+00:00
0.22200000000000000000, 2024-03-23T13:00:00+00:00, 2024-03-23T13:30:00+00:00
0.73100000000000000000, 2024-03-23T13:30:00+00:00, 2024-03-23T14:00:00+00:00
0.19300000000000000000, 2024-03-23T14:00:00+00:00, 2024-03-23T14:30:00+00:00
0.20900000000000000000, 2024-03-23T14:30:00+00:00, 2024-03-23T15:00:00+00:00
0.26800000000000000000, 2024-03-23T15:00:00+00:00, 2024-03-23T15:30:00+00:00
0.27300000000000000000, 2024-03-23T15:30:00+00:00, 2024-03-23T16:00:00+00:00
0.18400000000000000000, 2024-03-23T16:00:00+00:00, 2024-03-23T16:30:00+00:00
0.16600000000000000000, 2024-03-23T16:30:00+00:00, 2024-03-23T17:00:00+00:00
0.10900000000000000000, 2024-03-23T17:00:00+00:00, 2024-03-23T17:30:00+00:00
0.07300000000000000000, 2024-03-23T17:30:00+00:00, 2024-03-23T18:00:00+00:00
0.09100000000000000000, 2024-03-23T18:00:00+00:00, 2024-03-23T18:30:00+00:00
0.63800000000000000000, 2024-03-23T18:30:00+00:00, 2024-03-23T19:00:00+00:00
0.37600000000000000000, 2024-03-23T19:00:00+00:00, 2024-03-23T19:30:00+00:00
0.10700000000000000000, 2024-03-23T19:30:00+00:00, 2024-03-23T20:00:00+00:00
0.14700000000000000000, 2024-03-23T20:00:00+00:00, 2024-03-23T20:30:00+00:00
0.14600000000000000000, 2024-03-23T20:30:00+00:00, 2024-03-23T21:00:00+00:00
0.14300000000000000000, 2024-03-23T21:00:00+00:00, 2024-03-23T21:30:00+00:00
0.14500000000000000000, 2024-03-23T21:30:00+00:00, 2024-03-23T22:00:00+00:00
0.15800000000000000000, 2024-03-23T22:00:00+00:00, 2024-03-23T22:30:00+00:00
0.15200000000000000000, 2024-03-23T22:30:00+00:00, 2024-03-23T23:00:00+00:00
0.58700000000000000000, 2024-03-23T23:00:00+00:00, 2024-03-23T23:30:00+00:00
0.10300000000000000000, 2024-03-23T23:30:00+00:00, 2024-03-24T00:00:00+00:00
0.67300000000000000000, 2024-03-24T00:00:00+00:00, 2024-03-24T00:30:00+00:00
0.05500000000000000000, 2024-03-24T00:30:00+00:00, 2024-03-24T01:00:00+00:00
0.03600000000000000000, 2024-03-24T01:00:00+00:00, 2024-03-24T01:30:00+00:00
0.06000000000000000000, 2024-03-24T01:30:00+00:00, 2024-03-24T02:00:00+00:00
0.04500000000000000000, 2024-03-24T02:00:00+00:00, 2024-03-24T02:30:00+00:00
0.03700000000000000000, 2024-03-24T02:30:00+00:00, 2024-03-24T03:00:00+00:00
0.06200000000000000000, 2024-03-24T03:00:00+00:00, 2024-03-24T03:30:00+00:00
0.02800000000000000000, 2024-03-24T03:30:00+00:00, 2024-03-24T04:00:00+00:00
0.04900000000000000000, 2024-03-24T04:00:00+00:00, 2024-03-24T04:30:00+00:00
0.05000000000000000000, 2024-03-24T04:30:00+00:00, 2024-03-24T05:00:00+00:00
0.02600000000000000000, 2024-03-24T05:00:00+00:00, 2024-03-24T05:30:00+00:00
0.06300000000000000000, 2024-03-24T05:30:00+00:00, 2024-03-24T06:00:00+00:00
0.03000000000000000000, 2024-03-24T06:00:00+00:00, 2024-03-24T06:30:00+00:00
0.04400000000000000000, 2024-03-24T06:30:00+00:00, 2024-03-24T07:00:00+00:00
0.05300000000000000000, 2024-03-24T07:00:00+00:00, 2024-03-24T07:30:00+00:00
0.02200000000000000000, 2024-03-24T07:30:00+00:00, 2024-03-24T08:00:00+00:00
0.06200000000000000000, 2024-03-24T08:00:00+00:00, 2024-03-24T08:30:00+00:00
0.07700000000000000000, 2024-03-24T08:30:00+00:00, 2024-03-24T09:00:00+00:00
0.14800000000000000000, 2024-03-24T09:00:00+00:00, 2024-03-24T09:30:00+00:00
0.32600000000000000000, 2024-03-24T09:30:00+00:00, 2024-03-24T10:00:00+00:00
0.04300000000000000000, 2024-03-24T10:00:00+00:00, 2024-03-24T10:30:00+00:00
0.08200000000000000000, 2024-03-24T10:30:00+00:00, 2024-03-24T11:00:00+00:00
0.04900000000000000000, 2024-03-24T11:00:00+00:00, 2024-03-24T11:30:00+00:00
0.10000000000000000000, 2024-03-24T11:30:00+00:00, 2024-03-24T12:00:00+00:00
0.11100000000000000000, 2024-03-24T12:00:00+00:00, 2024-03-24T12:30:00+00:00
0.07800000000000000000, 2024-03-24T12:30:00+00:00, 2024-03-24T13:00:00+00:00
0.22200000000000000000, 2024-03-24T13:00:00+00:00, 2024-03-24T13:30:00+00:00
0.13100000000000000000, 2024-03-24T13:30:00+00:00, 2024-03-24T14:00:00+00:00
0.10100000000000000000, 2024-03-24T14:00:00+00:00, 2024-03-24T14:30:00+00:00
0.13700000000000000000, 2024-03-24T14:30:00+00:00, 2024-03-24T15:00:00+00:00
0.11100000000000000000, 2024-03-24T15:00:00+00:00, 2024-03-24T15:30:00+00:00
0.11800000000000000000, 2024-03-24T15:30:00+00:00, 2024-03-24T16:00:00+00:00
0.13100000000000000000, 2024-03-24T16:00:00+00:00, 2024-03-24T16:30:00+00:00
0.14800000000000000000, 2024-03-24T16:30:00+00:00, 2024-03-24T17:00:00+00:00
0.17800000000000000000, 2024-03-24T17:00:00+00:00, 2024-03-24T17:30:00+00:00
0.21000000000000000000, 2024-03-24T17:30:00+00:00, 2024-03-24T18:00:00+00:00
0.24300000000000000000, 2024-03-24T18:00:00+00:00, 2024-03-24T18:30:00+00:00
0.60100000000000000000, 2024-03-24T18:30:00+00:00, 2024-03-24T19:00:00+00:00
0.17200000000000000000, 2024-03-24T19:00:00+00:00, 2024-03-24T19:30:00+00:00
0.13200000000000000000, 2024-03-24T19:30:00+00:00, 2024-03-24T20:00:00+00:00
0.13500000000000000000, 2024-03-24T20:00:00+00:00, 2024-03-24T20:30:00+00:00
0.11200000000000000000, 2024-03-24T20:30:00+00:00, 2024-03-24T21:00:00+00:00
0.14400000000000000000, 2024-03-24T21:00:00+00:00, 2024-03-24T21:30:00+00:00
0.12300000000000000000, 2024-03-24T21:30:00+00:00, 2024-03-24T22:00:00+00:00
0.09800000000000000000, 2024-03-24T22:00:00+00:00, 2024-03-24T22:30:00+00:00
0.07700000000000000000, 2024-03-24T22:30:00+00:00, 2024-03-24T23:00:00+00:00
0.03200000000000000000, 2024-03-24T23:00:00+00:00, 2024-03-24T23:30:00+00:00
0.06200000000000000000, 2024-03-24T23:30:00+00:00, 2024-03-25T00:00:00+00:00
0.04400000000000000000, 2024-03-25T00:00:00+00:00, 2024-03-25T00:30:00+00:00
0.03900000000000000000, 2024-03-25T00:30:00+00:00, 2024-03-25T01:00:00+00:00
0.06500000000000000000, 2024-03-25T01:00:00+00:00, 2024-03-25T01:30:00+00:00
0.02400000000000000000, 2024-03-25T01:30:00+00:00, 2024-03-25T02:00:00+00:00
0.05500000000000000000, 2024-03-25T02:00:00+00:00, 2024-03-25T02:30:00+00:00
0.04100000000000000000, 2024-03-25T02:30:00+00:00, 2024-03-25T03:00:00+00:00
0.03300000000000000000, 2024-03-25T03:00:00+00:00, 2024-03-25T03:30:00+00:00
0.06100000000000000000, 2024-03-25T03:30:00+00:00, 2024-03-25T04:00:00+00:00
0.02400000000000000000, 2024-03-25T04:00:00+00:00, 2024-03-25T04:30:00+00:00
0.05600000000000000000, 2024-03-25T04:30:00+00:00, 2024-03-25T05:00:00+00:00
0.04000000000000000000, 2024-03-25T05:00:00+00:00, 2024-03-25T05:30:00+00:00
0.03700000000000000000, 2024-03-25T05:30:00+00:00, 2024-03-25T06:00:00+00:00
0.05500000000000000000, 2024-03-25T06:00:00+00:00, 2024-03-25T06:30:00+00:00
0.02200000000000000000, 2024-03-25T06:30:00+00:00, 2024-03-25T07:00:00+00:00
0.05800000000000000000, 2024-03-25T07:00:00+00:00, 2024-03-25T07:30:00+00:00
0.08300000000000000000, 2024-03-25T07:30:00+00:00, 2024-03-25T08:00:00+00:00
0.08200000000000000000, 2024-03-25T08:00:00+00:00, 2024-03-25T08:30:00+00:00
0.09100000000000000000, 2024-03-25T08:30:00+00:00, 2024-03-25T09:00:00+00:00
0.31900000000000000000, 2024-03-25T09:00:00+00:00, 2024-03-25T09:30:00+00:00
0.16100000000000000000, 2024-03-25T09:30:00+00:00, 2024-03-25T10:00:00+00:00
0.16100000000000000000, 2024-03-25T10:00:00+00:00, 2024-03-25T10:30:00+00:00
0.22300000000000000000, 2024-03-25T10:30:00+00:00, 2024-03-25T11:00:00+00:00
0.16400000000000000000, 2024-03-25T11:00:00+00:00, 2024-03-25T11:30:00+00:00
0.13100000000000000000, 2024-03-25T11:30:00+00:00, 2024-03-25T12:00:00+00:00
0.25900000000000000000, 2024-03-25T12:00:00+00:00, 2024-03-25T12:30:00+00:00
1.00000000000000000000, 2024-03-25T12:30:00+00:00, 2024-03-25T13:00:00+00:00
0.65100000000000000000, 2024-03-25T13:00:00+00:00, 2024-03-25T13:30:00+00:00
0.15500000000000000000, 2024-03-25T13:30:00+00:00, 2024-03-25T14:00:00+00:00
0.23700000000000000000, 2024-03-25T14:00:00+00:00, 2024-03-25T14:30:00+00:00
0.46800000000000000000, 2024-03-25T14:30:00+00:00, 2024-03-25T15:00:00+00:00
0.50400000000000000000, 2024-03-25T15:00:00+00:00, 2024-03-25T15:30:00+00:00
0.43400000000000000000, 2024-03-25T15:30:00+00:00, 2024-03-25T16:00:00+00:00
0.36300000000000000000, 2024-03-25T16:00:00+00:00, 2024-03-25T16:30:00+00:00
0.44200000000000000000, 2024-03-25T16:30:00+00:00, 2024-03-25T17:00:00+00:00
0.13000000000000000000, 2024-03-25T17:00:00+00:00, 2024-03-25T17:30:00+00:00
0.09600000000000000000, 2024-03-25T17:30:00+00:00, 2024-03-25T18:00:00+00:00
0.14200000000000000000, 2024-03-25T18:00:00+00:00, 2024-03-25T18:30:00+00:00
0.25300000000000000000, 2024-03-25T18:30:00+00:00, 2024-03-25T19:00:00+00:00
0.94700000000000000000, 2024-03-25T19:00:00+00:00, 2024-03-25T19:30:00+00:00
0.51300000000000000000, 2024-03-25T19:30:00+00:00, 2024-03-25T20:00:00+00:00
0.16900000000000000000, 2024-03-25T20:00:00+00:00, 2024-03-25T20:30:00+00:00
0.18600000000000000000, 2024-03-25T20:30:00+00:00, 2024-03-25T21:00:00+00:00
0.17200000000000000000, 2024-03-25T21:00:00+00:00, 2024-03-25T21:30:00+00:00
0.16500000000000000000, 2024-03-25T21:30:00+00:00, 2024-03-25T22:00:00+00:00
0.15500000000000000000, 2024-03-25T22:00:00+00:00, 2024-03-25T22:30:00+00:00
0.05100000000000000000, 2024-03-25T22:30:00+00:00, 2024-03-25T23:00:00+00:00
0.06400000000000000000, 2024-03-25T23:00:00+00:00, 2024-03-25T23:30:00+00:00
0.04900000000000000000, 2024-03-25T23:30:00+00:00, 2024-03-26T00:00:00+00:00
0.03800000000000000000, 2024-03-26T00:00:00+00:00, 2024-03-26T00:30:00+00:00
0.06200000000000000000, 2024-03-26T00:30:00+00:00, 2024-03-26T01:00:00+00:00
0.03300000000000000000, 2024-03-26T01:00:00+00:00, 2024-03-26T01:30:00+00:00
0.36300000000000000000, 2024-03-26T01:30:00+00:00, 2024-03-26T02:00:00+00:00
0.33400000000000000000, 2024-03-26T02:00:00+00:00, 2024-03-26T02:30:00+00:00
0.54600000000000000000, 2024-03-26T02:30:00+00:00, 2024-03-26T03:00:00+00:00
0.14900000000000000000, 2024-03-26T03:00:00+00:00, 2024-03-26T03:30:00+00:00
0.02900000000000000000, 2024-03-26T03:30:00+00:00, 2024-03-26T04:00:00+00:00
0.04900000000000000000, 2024-03-26T04:00:00+00:00, 2024-03-26T04:30:00+00:00
0.04800000000000000000, 2024-03-26T04:30:00+00:00, 2024-03-26T05:00:00+00:00
0.02500000000000000000, 2024-03-26T05:00:00+00:00, 2024-03-26T05:30:00+00:00
0.06100000000000000000, 2024-03-26T05:30:00+00:00, 2024-03-26T06:00:00+00:00
0.02800000000000000000, 2024-03-26T06:00:00+00:00, 2024-03-26T06:30:00+00:00
0.05000000000000000000, 2024-03-26T06:30:00+00:00, 2024-03-26T07:00:00+00:00
0.04100000000000000000, 2024-03-26T07:00:00+00:00, 2024-03-26T07:30:00+00:00
0.07700000000000000000, 2024-03-26T07:30:00+00:00, 2024-03-26T08:00:00+00:00
0.10500000000000000000, 2024-03-26T08:00:00+00:00, 2024-03-26T08:30:00+00:00
0.04700000000000000000, 2024-03-26T08:30:00+00:00, 2024-03-26T09:00:00+00:00
0.34300000000000000000, 2024-03-26T09:00:00+00:00, 2024-03-26T09:30:00+00:00
0.16500000000000000000, 2024-03-26T09:30:00+00:00, 2024-03-26T10:00:00+00:00
0.04700000000000000000, 2024-03-26T10:00:00+00:00, 2024-03-26T10:30:00+00:00
0.19100000000000000000, 2024-03-26T10:30:00+00:00, 2024-03-26T11:00:00+00:00
0.06200000000000000000, 2024-03-26T11:00:00+00:00, 2024-03-26T11:30:00+00:00
0.10800000000000000000, 2024-03-26T11:30:00+00:00, 2024-03-26T12:00:00+00:00
0.12200000000000000000, 2024-03-26T12:00:00+00:00, 2024-03-26T12:30:00+00:00
0.15100000000000000000, 2024-03-26T12:30:00+00:00, 2024-03-26T13:00:00+00:00
0.08000000000000000000, 2024-03-26T13:00:00+00:00, 2024-03-26T13:30:00+00:00
0.07100000000000000000, 2024-03-26T13:30:00+00:00, 2024-03-26T14:00:00+00:00
0.09500000000000000000, 2024-03-26T14:00:00+00:00, 2024-03-26T14:30:00+00:00
0.08700000000000000000, 2024-03-26T14:30:00+00:00, 2024-03-26T15:00:00+00:00
0.07300000000000000000, 2024-03-26T15:00:00+00:00, 2024-03-26T15:30:00+00:00
0.18300000000000000000, 2024-03-26T15:30:00+00:00, 2024-03-26T16:00:00+00:00
0.39400000000000000000, 2024-03-26T16:00:00+00:00, 2024-03-26T16:30:00+00:00
0.36500000000000000000, 2024-03-26T16:30:00+00:00, 2024-03-26T17:00:00+00:00
0.04700000000000000000, 2024-03-26T17:00:00+00:00, 2024-03-26T17:30:00+00:00
0.03300000000000000000, 2024-03-26T17:30:00+00:00, 2024-03-26T18:00:00+00:00
0.56900000000000000000, 2024-03-26T18:00:00+00:00, 2024-03-26T18:30:00+00:00
0.64300000000000000000, 2024-03-26T18:30:00+00:00, 2024-03-26T19:00:00+00:00
0.13500000000000000000, 2024-03-26T19:00:00+00:00, 2024-03-26T19:30:00+00:00
0.11300000000000000000, 2024-03-26T19:30:00+00:00, 2024-03-26T20:00:00+00:00
0.14600000000000000000, 2024-03-26T20:00:00+00:00, 2024-03-26T20:30:00+00:00
0.19400000000000000000, 2024-03-26T20:30:00+00:00, 2024-03-26T21:00:00+00:00
0.16400000000000000000, 2024-03-26T21:00:00+00:00, 2024-03-26T21:30:00+00:00
0.20400000000000000000, 2024-03-26T21:30:00+00:00, 2024-03-26T22:00:00+00:00
0.09700000000000000000, 2024-03-26T22:00:00+00:00, 2024-03-26T22:30:00+00:00
0.06400000000000000000, 2024-03-26T22:30:00+00:00, 2024-03-26T23:00:00+00:00
0.04500000000000000000, 2024-03-26T23:00:00+00:00, 2024-03-26T23:30:00+00:00
0.06300000000000000000, 2024-03-26T23:30:00+00:00, 2024-03-27T00:00:00+00:00
0.04900000000000000000, 2024-03-27T00:00:00+00:00, 2024-03-27T00:30:00+00:00
0.03800000000000000000, 2024-03-27T00:30:00+00:00, 2024-03-27T01:00:00+00:00
0.06200000000000000000, 2024-03-27T01:00:00+00:00, 2024-03-27T01:30:00+00:00
0.04400000000000000000, 2024-03-27T01:30:00+00:00, 2024-03-27T02:00:00+00:00
0.03700000000000000000, 2024-03-27T02:00:00+00:00, 2024-03-27T02:30:00+00:00
0.06100000000000000000, 2024-03-27T02:30:00+00:00, 2024-03-27T03:00:00+00:00
0.03700000000000000000, 2024-03-27T03:00:00+00:00, 2024-03-27T03:30:00+00:00
0.04100000000000000000, 2024-03-27T03:30:00+00:00, 2024-03-27T04:00:00+00:00
0.06100000000000000000, 2024-03-27T04:00:00+00:00, 2024-03-27T04:30:00+00:00
0.02900000000000000000, 2024-03-27T04:30:00+00:00, 2024-03-27T05:00:00+00:00
0.05300000000000000000, 2024-03-27T05:00:00+00:00, 2024-03-27T05:30:00+00:00
0.04800000000000000000, 2024-03-27T05:30:00+00:00, 2024-03-27T06:00:00+00:00
0.02400000000000000000, 2024-03-27T06:00:00+00:00, 2024-03-27T06:30:00+00:00
0.06100000000000000000, 2024-03-27T06:30:00+00:00, 2024-03-27T07:00:00+00:00
0.11900000000000000000, 2024-03-27T07:00:00+00:00, 2024-03-27T07:30:00+00:00
0.11400000000000000000, 2024-03-27T07:30:00+00:00, 2024-03-27T08:00:00+00:00
0.09900000000000000000, 2024-03-27T08:00:00+00:00, 2024-03-27T08:30:00+00:00
0.04400000000000000000, 2024-03-27T08:30:00+00:00, 2024-03-27T09:00:00+00:00
0.17000000000000000000, 2024-03-27T09:00:00+00:00, 2024-03-27T09:30:00+00:00
0.05600000000000000000, 2024-03-27T09:30:00+00:00, 2024-03-27T10:00:00+00:00
0.02400000000000000000, 2024-03-27T10:00:00+00:00, 2024-03-27T10:30:00+00:00
0.05500000000000000000, 2024-03-27T10:30:00+00:00, 2024-03-27T11:00:00+00:00
0.05700000000000000000, 2024-03-27T11:00:00+00:00, 2024-03-27T11:30:00+00:00
0.02600000000000000000, 2024-03-27T11:30:00+00:00, 2024-03-27T12:00:00+00:00
0.22700000000000000000, 2024-03-27T12:00:00+00:00, 2024-03-27T12:30:00+00:00
0.09800000000000000000, 2024-03-27T12:30:00+00:00, 2024-03-27T13:00:00+00:00
0.03300000000000000000, 2024-03-27T13:00:00+00:00, 2024-03-27T13:30:00+00:00
0.06600000000000000000, 2024-03-27T13:30:00+00:00, 2024-03-27T14:00:00+00:00
0.05000000000000000000, 2024-03-27T14:00:00+00:00, 2024-03-27T14:30:00+00:00
0.03600000000000000000, 2024-03-27T14:30:00+00:00, 2024-03-27T15:00:00+00:00
0.06600000000000000000, 2024-03-27T15:00:00+00:00, 2024-03-27T15:30:00+00:00
0.03900000000000000000, 2024-03-27T15:30:00+00:00, 2024-03-27T16:00:00+00:00
0.09900000000000000000, 2024-03-27T16:00:00+00:00, 2024-03-27T16:30:00+00:00
0.05700000000000000000, 2024-03-27T16:30:00+00:00, 2024-03-27T17:00:00+00:00
0.04400000000000000000, 2024-03-27T17:00:00+00:00, 2024-03-27T17:30:00+00:00
0.08500000000000000000, 2024-03-27T17:30:00+00:00, 2024-03-27T18:00:00+00:00
0.11400000000000000000, 2024-03-27T18:00:00+00:00, 2024-03-27T18:30:00+00:00
0.04300000000000000000, 2024-03-27T18:30:00+00:00, 2024-03-27T19:00:00+00:00
0.15400000000000000000, 2024-03-27T19:00:00+00:00, 2024-03-27T19:30:00+00:00
0.64500000000000000000, 2024-03-27T19:30:00+00:00, 2024-03-27T20:00:00+00:00
0.16500000000000000000, 2024-03-27T20:00:00+00:00, 2024-03-27T20:30:00+00:00
0.17800000000000000000, 2024-03-27T20:30:00+00:00, 2024-03-27T21:00:00+00:00
0.18300000000000000000, 2024-03-27T21:00:00+00:00, 2024-03-27T21:30:00+00:00
0.14600000000000000000, 2024-03-27T21:30:00+00:00, 2024-03-27T22:00:00+00:00
0.12200000000000000000, 2024-03-27T22:00:00+00:00, 2024-03-27T22:30:00+00:00
0.09600000000000000000, 2024-03-27T22:30:00+00:00, 2024-03-27T23:00:00+00:00
0.04800000000000000000, 2024-03-27T23:00:00+00:00, 2024-03-27T23:30:00+00:00
0.05100000000000000000, 2024-03-27T23:30:00+00:00, 2024-03-28T00:00:00+00:00
0.06500000000000000000, 2024-03-28T00:00:00+00:00, 2024-03-28T00:30:00+00:00
0.02700000000000000000, 2024-03-28T00:30:00+00:00, 2024-03-28T01:00:00+00:00
0.05500000000000000000, 2024-03-28T01:00:00+00:00, 2024-03-28T01:30:00+00:00
0.06200000000000000000, 2024-03-28T01:30:00+00:00, 2024-03-28T02:00:00+00:00
0.02400000000000000000, 2024-03-28T02:00:00+00:00, 2024-03-28T02:30:00+00:00
0.05700000000000000000, 2024-03-28T02:30:00+00:00, 2024-03-28T03:00:00+00:00
0.05400000000000000000, 2024-03-28T03:00:00+00:00, 2024-03-28T03:30:00+00:00
0.02300000000000000000, 2024-03-28T03:30:00+00:00, 2024-03-28T04:00:00+00:00
0.06200000000000000000, 2024-03-28T04:00:00+00:00, 2024-03-28T04:30:00+00:00
0.04800000000000000000, 2024-03-28T04:30:00+00:00, 2024-03-28T05:00:00+00:00
0.03200000000000000000, 2024-03-28T05:00:00+00:00, 2024-03-28T05:30:00+00:00
0.06300000000000000000, 2024-03-28T05:30:00+00:00, 2024-03-28T06:00:00+00:00
0.03300000000000000000, 2024-03-28T06:00:00+00:00, 2024-03-28T06:30:00+00:00
0.03800000000000000000, 2024-03-28T06:30:00+00:00, 2024-03-28T07:00:00+00:00
0.06100000000000000000, 2024-03-28T07:00:00+00:00, 2024-03-28T07:30:00+00:00
0.07000000000000000000, 2024-03-28T07:30:00+00:00, 2024-03-28T08:00:00+00:00
0.12100000000000000000, 2024-03-28T08:00:00+00:00, 2024-03-28T08:30:00+00:00
0.12500000000000000000, 2024-03-28T08:30:00+00:00, 2024-03-28T09:00:00+00:00
0.24000000000000000000, 2024-03-28T09:00:00+00:00, 2024-03-28T09:30:00+00:00
0.15200000000000000000, 2024-03-28T09:30:00+00:00, 2024-03-28T10:00:00+00:00
0.24500000000000000000, 2024-03-28T10:00:00+00:00, 2024-03-28T10:30:00+00:00
0.18100000000000000000, 2024-03-28T10:30:00+00:00, 2024-03-28T11:00:00+00:00
0.13000000000000000000, 2024-03-28T11:00:00+00:00, 2024-03-28T11:30:00+00:00
0.14000000000000000000, 2024-03-28T11:30:00+00:00, 2024-03-28T12:00:00+00:00
0.18900000000000000000, 2024-03-28T12:00:00+00:00, 2024-03-28T12:30:00+00:00
0.17700000000000000000, 2024-03-28T12:30:00+00:00, 2024-03-28T13:00:00+00:00
0.13100000000000000000, 2024-03-28T13:00:00+00:00, 2024-03-28T13:30:00+00:00
0.09800000000000000000, 2024-03-28T13:30:00+00:00, 2024-03-28T14:00:00+00:00
0.13000000000000000000, 2024-03-28T14:00:00+00:00, 2024-03-28T14:30:00+00:00
0.13200000000000000000, 2024-03-28T14:30:00+00:00, 2024-03-28T15:00:00+00:00
0.18200000000000000000, 2024-03-28T15:00:00+00:00, 2024-03-28T15:30:00+00:00
0.50500000000000000000, 2024-03-28T15:30:00+00:00, 2024-03-28T16:00:00+00:00
0.44500000000000000000, 2024-03-28T16:00:00+00:00, 2024-03-28T16:30:00+00:00
0.40400000000000000000, 2024-03-28T16:30:00+00:00, 2024-03-28T17:00:00+00:00
0.46700000000000000000, 2024-03-28T17:00:00+00:00, 2024-03-28T17:30:00+00:00
0.24500000000000000000, 2024-03-28T17:30:00+00:00, 2024-03-28T18:00:00+00:00
0.20700000000000000000, 2024-03-28T18:00:00+00:00, 2024-03-28T18:30:00+00:00
0.53400000000000000000, 2024-03-28T18:30:00+00:00, 2024-03-28T19:00:00+00:00
1.3410000000000000, 2024-03-28T19:00:00+00:00, 2024-03-28T19:30:00+00:00
0.12600000000000000000, 2024-03-28T19:30:00+00:00, 2024-03-28T20:00:00+00:00
0.18700000000000000000, 2024-03-28T20:00:00+00:00, 2024-03-28T20:30:00+00:00
0.18200000000000000000, 2024-03-28T20:30:00+00:00, 2024-03-28T21:00:00+00:00
0.17700000000000000000, 2024-03-28T21:00:00+00:00, 2024-03-28T21:30:00+00:00
0.21900000000000000000, 2024-03-28T21:30:00+00:00, 2024-03-28T22:00:00+00:00
0.15900000000000000000, 2024-03-28T22:00:00+00:00, 2024-03-28T22:30:00+00:00
0.08100000000000000000, 2024-03-28T22:30:00+00:00, 2024-03-28T23:00:00+00:00
0.08700000000000000000, 2024-03-28T23:00:00+00:00, 2024-03-28T23:30:00+00:00
0.03500000000000000000, 2024-03-28T23:30:00+00:00, 2024-03-29T00:00:00+00:00
0.05800000000000000000, 2024-03-29T00:00:00+00:00, 2024-03-29T00:30:00+00:00
0.05800000000000000000, 2024-03-29T00:30:00+00:00, 2024-03-29T01:00:00+00:00
0.03200000000000000000, 2024-03-29T01:00:00+00:00, 2024-03-29T01:30:00+00:00
0.44000000000000000000, 2024-03-29T01:30:00+00:00, 2024-03-29T02:00:00+00:00
0.26700000000000000000, 2024-03-29T02:00:00+00:00, 2024-03-29T02:30:00+00:00
0.62800000000000000000, 2024-03-29T02:30:00+00:00, 2024-03-29T03:00:00+00:00
0.07700000000000000000, 2024-03-29T03:00:00+00:00, 2024-03-29T03:30:00+00:00
0.04100000000000000000, 2024-03-29T03:30:00+00:00, 2024-03-29T04:00:00+00:00
0.03600000000000000000, 2024-03-29T04:00:00+00:00, 2024-03-29T04:30:00+00:00
0.06200000000000000000, 2024-03-29T04:30:00+00:00, 2024-03-29T05:00:00+00:00
0.03000000000000000000, 2024-03-29T05:00:00+00:00, 2024-03-29T05:30:00+00:00
0.04600000000000000000, 2024-03-29T05:30:00+00:00, 2024-03-29T06:00:00+00:00
0.05600000000000000000, 2024-03-29T06:00:00+00:00, 2024-03-29T06:30:00+00:00
0.02200000000000000000, 2024-03-29T06:30:00+00:00, 2024-03-29T07:00:00+00:00
0.06400000000000000000, 2024-03-29T07:00:00+00:00, 2024-03-29T07:30:00+00:00
0.26400000000000000000, 2024-03-29T07:30:00+00:00, 2024-03-29T08:00:00+00:00
0.10500000000000000000, 2024-03-29T08:00:00+00:00, 2024-03-29T08:30:00+00:00
0.25000000000000000000, 2024-03-29T08:30:00+00:00, 2024-03-29T09:00:00+00:00
0.07100000000000000000, 2024-03-29T09:00:00+00:00, 2024-03-29T09:30:00+00:00
0.08100000000000000000, 2024-03-29T09:30:00+00:00, 2024-03-29T10:00:00+00:00
0.15400000000000000000, 2024-03-29T10:00:00+00:00, 2024-03-29T10:30:00+00:00
0.20900000000000000000, 2024-03-29T10:30:00+00:00, 2024-03-29T11:00:00+00:00
0.07900000000000000000, 2024-03-29T11:00:00+00:00, 2024-03-29T11:30:00+00:00
0.06100000000000000000, 2024-03-29T11:30:00+00:00, 2024-03-29T12:00:00+00:00
0.02800000000000000000, 2024-03-29T12:00:00+00:00, 2024-03-29T12:30:00+00:00
0.05100000000000000000, 2024-03-29T12:30:00+00:00, 2024-03-29T13:00:00+00:00
0.06100000000000000000, 2024-03-29T13:00:00+00:00, 2024-03-29T13:30:00+00:00
0.02600000000000000000, 2024-03-29T13:30:00+00:00, 2024-03-29T14:00:00+00:00
0.05400000000000000000, 2024-03-29T14:00:00+00:00, 2024-03-29T14:30:00+00:00
0.05700000000000000000, 2024-03-29T14:30:00+00:00, 2024-03-29T15:00:00+00:00
0.02500000000000000000, 2024-03-29T15:00:00+00:00, 2024-03-29T15:30:00+00:00
0.05900000000000000000, 2024-03-29T15:30:00+00:00, 2024-03-29T16:00:00+00:00
0.05100000000000000000, 2024-03-29T16:00:00+00:00, 2024-03-29T16:30:00+00:00
0.02300000000000000000, 2024-03-29T16:30:00+00:00, 2024-03-29T17:00:00+00:00
0.06300000000000000000, 2024-03-29T17:00:00+00:00, 2024-03-29T17:30:00+00:00
0.04200000000000000000, 2024-03-29T17:30:00+00:00, 2024-03-29T18:00:00+00:00
0.03200000000000000000, 2024-03-29T18:00:00+00:00, 2024-03-29T18:30:00+00:00
0.06200000000000000000, 2024-03-29T18:30:00+00:00, 2024-03-29T19:00:00+00:00
0.03400000000000000000, 2024-03-29T19:00:00+00:00, 2024-03-29T19:30:00+00:00
0.04000000000000000000, 2024-03-29T19:30:00+00:00, 2024-03-29T20:00:00+00:00
0.06100000000000000000, 2024-03-29T20:00:00+00:00, 2024-03-29T20:30:00+00:00
0.02400000000000000000, 2024-03-29T20:30:00+00:00, 2024-03-29T21:00:00+00:00
0.05100000000000000000, 2024-03-29T21:00:00+00:00, 2024-03-29T21:30:00+00:00
0.05100000000000000000, 2024-03-29T21:30:00+00:00, 2024-03-29T22:00:00+00:00
0.01900000000000000000, 2024-03-29T22:00:00+00:00, 2024-03-29T22:30:00+00:00
0.06100000000000000000, 2024-03-29T22:30:00+00:00, 2024-03-29T23:00:00+00:00
0.04000000000000000000, 2024-03-29T23:00:00+00:00, 2024-03-29T23:30:00+00:00
0.03400000000000000000, 2024-03-29T23:30:00+00:00, 2024-03-30T00:00:00+00:00
0.06100000000000000000, 2024-03-30T00:00:00+00:00, 2024-03-30T00:30:00+00:00
0.02800000000000000000, 2024-03-30T00:30:00+00:00, 2024-03-30T01:00:00+00:00
0.04200000000000000000, 2024-03-30T01:00:00+00:00, 2024-03-30T01:30:00+00:00
0.05400000000000000000, 2024-03-30T01:30:00+00:00, 2024-03-30T02:00:00+00:00
0.02300000000000000000, 2024-03-30T02:00:00+00:00, 2024-03-30T02:30:00+00:00
0.05900000000000000000, 2024-03-30T02:30:00+00:00, 2024-03-30T03:00:00+00:00
0.04000000000000000000, 2024-03-30T03:00:00+00:00, 2024-03-30T03:30:00+00:00
0.03100000000000000000, 2024-03-30T03:30:00+00:00, 2024-03-30T04:00:00+00:00
0E-20, 2024-03-30T04:00:00+00:00, 2024-03-30T04:30:00+00:00
0.02600000000000000000, 2024-03-30T04:30:00+00:00, 2024-03-30T05:00:00+00:00
0.04700000000000000000, 2024-03-30T05:00:00+00:00, 2024-03-30T05:30:00+00:00
0.05000000000000000000, 2024-03-30T05:30:00+00:00, 2024-03-30T06:00:00+00:00
0.02300000000000000000, 2024-03-30T06:00:00+00:00, 2024-03-30T06:30:00+00:00
0.05800000000000000000, 2024-03-30T06:30:00+00:00, 2024-03-30T07:00:00+00:00
0.03500000000000000000, 2024-03-30T07:00:00+00:00, 2024-03-30T07:30:00+00:00
0.03700000000000000000, 2024-03-30T07:30:00+00:00, 2024-03-30T08:00:00+00:00
0.05800000000000000000, 2024-03-30T08:00:00+00:00, 2024-03-30T08:30:00+00:00
0.07000000000000000000, 2024-03-30T08:30:00+00:00, 2024-03-30T09:00:00+00:00
0.09600000000000000000, 2024-03-30T09:00:00+00:00, 2024-03-30T09:30:00+00:00
0.04800000000000000000, 2024-03-30T09:30:00+00:00, 2024-03-30T10:00:00+00:00
0.02400000000000000000, 2024-03-30T10:00:00+00:00, 2024-03-30T10:30:00+00:00
0.06200000000000000000, 2024-03-30T10:30:00+00:00, 2024-03-30T11:00:00+00:00
0.03900000000000000000, 2024-03-30T11:00:00+00:00, 2024-03-30T11:30:00+00:00
0.03400000000000000000, 2024-03-30T11:30:00+00:00, 2024-03-30T12:00:00+00:00
0.06200000000000000000, 2024-03-30T12:00:00+00:00, 2024-03-30T12:30:00+00:00
0.05100000000000000000, 2024-03-30T12:30:00+00:00, 2024-03-30T13:00:00+00:00
0.04600000000000000000, 2024-03-30T13:00:00+00:00, 2024-03-30T13:30:00+00:00
0.06000000000000000000, 2024-03-30T13:30:00+00:00, 2024-03-30T14:00:00+00:00
0.02500000000000000000, 2024-03-30T14:00:00+00:00, 2024-03-30T14:30:00+00:00
0.06200000000000000000, 2024-03-30T14:30:00+00:00, 2024-03-30T15:00:00+00:00
0.06100000000000000000, 2024-03-30T15:00:00+00:00, 2024-03-30T15:30:00+00:00
0.06100000000000000000, 2024-03-30T15:30:00+00:00, 2024-03-30T16:00:00+00:00
0.72700000000000000000, 2024-03-30T16:00:00+00:00, 2024-03-30T16:30:00+00:00
0.15000000000000000000, 2024-03-30T16:30:00+00:00, 2024-03-30T17:00:00+00:00
0.16600000000000000000, 2024-03-30T17:00:00+00:00, 2024-03-30T17:30:00+00:00
0.12100000000000000000, 2024-03-30T17:30:00+00:00, 2024-03-30T18:00:00+00:00
0.10600000000000000000, 2024-03-30T18:00:00+00:00, 2024-03-30T18:30:00+00:00
0.14500000000000000000, 2024-03-30T18:30:00+00:00, 2024-03-30T19:00:00+00:00
0.14400000000000000000, 2024-03-30T19:00:00+00:00, 2024-03-30T19:30:00+00:00
0.11500000000000000000, 2024-03-30T19:30:00+00:00, 2024-03-30T20:00:00+00:00
0.14300000000000000000, 2024-03-30T20:00:00+00:00, 2024-03-30T20:30:00+00:00
0.14500000000000000000, 2024-03-30T20:30:00+00:00, 2024-03-30T21:00:00+00:00
0.11300000000000000000, 2024-03-30T21:00:00+00:00, 2024-03-30T21:30:00+00:00
0.14800000000000000000, 2024-03-30T21:30:00+00:00, 2024-03-30T22:00:00+00:00
0.13900000000000000000, 2024-03-30T22:00:00+00:00, 2024-03-30T22:30:00+00:00
0.12000000000000000000, 2024-03-30T22:30:00+00:00, 2024-03-30T23:00:00+00:00
0.12200000000000000000, 2024-03-30T23:00:00+00:00, 2024-03-30T23:30:00+00:00
0.09000000000000000000, 2024-03-30T23:30:00+00:00, 2024-03-31T00:00:00+00:00
0.04500000000000000000, 2024-03-31T00:00:00+00:00, 2024-03-31T00:30:00+00:00
0.05100000000000000000, 2024-03-31T00:30:00+00:00, 2024-03-31T02:00:00+01:00
0.06300000000000000000, 2024-03-31T02:00:00+01:00, 2024-03-31T02:30:00+01:00
0.04000000000000000000, 2024-03-31T02:30:00+01:00, 2024-03-31T03:00:00+01:00
0.04000000000000000000, 2024-03-31T03:00:00+01:00, 2024-03-31T03:30:00+01:00
0.06300000000000000000, 2024-03-31T03:30:00+01:00, 2024-03-31T04:00:00+01:00
0.03200000000000000000, 2024-03-31T04:00:00+01:00, 2024-03-31T04:30:00+01:00
0.04100000000000000000, 2024-03-31T04:30:00+01:00, 2024-03-31T05:00:00+01:00
0E-20, 2024-03-31T05:00:00+01:00, 2024-03-31T05:30:00+01:00
0.02900000000000000000, 2024-03-31T05:30:00+01:00, 2024-03-31T06:00:00+01:00
0.04500000000000000000, 2024-03-31T06:00:00+01:00, 2024-03-31T06:30:00+01:00
0.06000000000000000000, 2024-03-31T06:30:00+01:00, 2024-03-31T07:00:00+01:00
0.02000000000000000000, 2024-03-31T07:00:00+01:00, 2024-03-31T07:30:00+01:00
0.05600000000000000000, 2024-03-31T07:30:00+01:00, 2024-03-31T08:00:00+01:00
0.04600000000000000000, 2024-03-31T08:00:00+01:00, 2024-03-31T08:30:00+01:00
0.07900000000000000000, 2024-03-31T08:30:00+01:00, 2024-03-31T09:00:00+01:00
0.07600000000000000000, 2024-03-31T09:00:00+01:00, 2024-03-31T09:30:00+01:00
0.03000000000000000000, 2024-03-31T09:30:00+01:00, 2024-03-31T10:00:00+01:00
0.21400000000000000000, 2024-03-31T10:00:00+01:00, 2024-03-31T10:30:00+01:00
0.58300000000000000000, 2024-03-31T10:30:00+01:00, 2024-03-31T11:00:00+01:00
0.33400000000000000000, 2024-03-31T11:00:00+01:00, 2024-03-31T11:30:00+01:00
0.13500000000000000000, 2024-03-31T11:30:00+01:00, 2024-03-31T12:00:00+01:00
0.05600000000000000000, 2024-03-31T12:00:00+01:00, 2024-03-31T12:30:00+01:00
0.03200000000000000000, 2024-03-31T12:30:00+01:00, 2024-03-31T13:00:00+01:00
0.06800000000000000000, 2024-03-31T13:00:00+01:00, 2024-03-31T13:30:00+01:00
0.04400000000000000000, 2024-03-31T13:30:00+01:00, 2024-03-31T14:00:00+01:00
0.26400000000000000000, 2024-03-31T14:00:00+01:00, 2024-03-31T14:30:00+01:00
0.15700000000000000000, 2024-03-31T14:30:00+01:00, 2024-03-31T15:00:00+01:00
0.08800000000000000000, 2024-03-31T15:00:00+01:00, 2024-03-31T15:30:00+01:00
0.18300000000000000000, 2024-03-31T15:30:00+01:00, 2024-03-31T16:00:00+01:00
0.08400000000000000000, 2024-03-31T16:00:00+01:00, 2024-03-31T16:30:00+01:00
0.05100000000000000000, 2024-03-31T16:30:00+01:00, 2024-03-31T17:00:00+01:00
0.08300000000000000000, 2024-03-31T17:00:00+01:00, 2024-03-31T17:30:00+01:00
0.13400000000000000000, 2024-03-31T17:30:00+01:00, 2024-03-31T18:00:00+01:00
0.12200000000000000000, 2024-03-31T18:00:00+01:00, 2024-03-31T18:30:00+01:00
0.12800000000000000000, 2024-03-31T18:30:00+01:00, 2024-03-31T19:00:00+01:00
0.57700000000000000000, 2024-03-31T19:00:00+01:00, 2024-03-31T19:30:00+01:00
0.44100000000000000000, 2024-03-31T19:30:00+01:00, 2024-03-31T20:00:00+01:00
0.16300000000000000000, 2024-03-31T20:00:00+01:00, 2024-03-31T20:30:00+01:00
0.17300000000000000000, 2024-03-31T20:30:00+01:00, 2024-03-31T21:00:00+01:00
0.14200000000000000000, 2024-03-31T21:00:00+01:00, 2024-03-31T21:30:00+01:00
0.16500000000000000000, 2024-03-31T21:30:00+01:00, 2024-03-31T22:00:00+01:00
0.18500000000000000000, 2024-03-31T22:00:00+01:00, 2024-03-31T22:30:00+01:00
0.14600000000000000000, 2024-03-31T22:30:00+01:00, 2024-03-31T23:00:00+01:00
0.14700000000000000000, 2024-03-31T23:00:00+01:00, 2024-03-31T23:30:00+01:00
0.16600000000000000000, 2024-03-31T23:30:00+01:00, 2024-04-01T00:00:00+01:00
0.13600000000000000000, 2024-04-01T00:00:00+01:00, 2024-04-01T00:30:00+01:00
0.15900000000000000000, 2024-04-01T00:30:00+01:00, 2024-04-01T01:00:00+01:00
0.08500000000000000000, 2024-04-01T01:00:00+01:00, 2024-04-01T01:30:00+01:00
0.04600000000000000000, 2024-04-01T01:30:00+01:00, 2024-04-01T02:00:00+01:00
0.08300000000000000000, 2024-04-01T02:00:00+01:00, 2024-04-01T02:30:00+01:00
0.61700000000000000000, 2024-04-01T02:30:00+01:00, 2024-04-01T03:00:00+01:00
0.07300000000000000000, 2024-04-01T03:00:00+01:00, 2024-04-01T03:30:00+01:00
0.65300000000000000000, 2024-04-01T03:30:00+01:00, 2024-04-01T04:00:00+01:00
0.05400000000000000000, 2024-04-01T04:00:00+01:00, 2024-04-01T04:30:00+01:00
0.02100000000000000000, 2024-04-01T04:30:00+01:00, 2024-04-01T05:00:00+01:00
0.06300000000000000000, 2024-04-01T05:00:00+01:00, 2024-04-01T05:30:00+01:00
0.04000000000000000000, 2024-04-01T05:30:00+01:00, 2024-04-01T06:00:00+01:00
0.03200000000000000000, 2024-04-01T06:00:00+01:00, 2024-04-01T06:30:00+01:00
0.06200000000000000000, 2024-04-01T06:30:00+01:00, 2024-04-01T07:00:00+01:00
0.02900000000000000000, 2024-04-01T07:00:00+01:00, 2024-04-01T07:30:00+01:00
0.04300000000000000000, 2024-04-01T07:30:00+01:00, 2024-04-01T08:00:00+01:00
0.05600000000000000000, 2024-04-01T08:00:00+01:00, 2024-04-01T08:30:00+01:00
0.02700000000000000000, 2024-04-01T08:30:00+01:00, 2024-04-01T09:00:00+01:00
0.05500000000000000000, 2024-04-01T09:00:00+01:00, 2024-04-01T09:30:00+01:00
0.04300000000000000000, 2024-04-01T09:30:00+01:00, 2024-04-01T10:00:00+01:00
0.02800000000000000000, 2024-04-01T10:00:00+01:00, 2024-04-01T10:30:00+01:00
0.06300000000000000000, 2024-04-01T10:30:00+01:00, 2024-04-01T11:00:00+01:00
0.17400000000000000000, 2024-04-01T11:00:00+01:00, 2024-04-01T11:30:00+01:00
0.03800000000000000000, 2024-04-01T11:30:00+01:00, 2024-04-01T12:00:00+01:00
0.29000000000000000000, 2024-04-01T12:00:00+01:00, 2024-04-01T12:30:00+01:00
0.13600000000000000000, 2024-04-01T12:30:00+01:00, 2024-04-01T13:00:00+01:00
0.11900000000000000000, 2024-04-01T13:00:00+01:00, 2024-04-01T13:30:00+01:00
0.23600000000000000000, 2024-04-01T13:30:00+01:00, 2024-04-01T14:00:00+01:00
0.13800000000000000000, 2024-04-01T14:00:00+01:00, 2024-04-01T14:30:00+01:00
0.12400000000000000000, 2024-04-01T14:30:00+01:00, 2024-04-01T15:00:00+01:00
0.09600000000000000000, 2024-04-01T15:00:00+01:00, 2024-04-01T15:30:00+01:00
0.13900000000000000000, 2024-04-01T15:30:00+01:00, 2024-04-01T16:00:00+01:00
0.14000000000000000000, 2024-04-01T16:00:00+01:00, 2024-04-01T16:30:00+01:00
0.11700000000000000000, 2024-04-01T16:30:00+01:00, 2024-04-01T17:00:00+01:00
0.17300000000000000000, 2024-04-01T17:00:00+01:00, 2024-04-01T17:30:00+01:00
0.13600000000000000000, 2024-04-01T17:30:00+01:00, 2024-04-01T18:00:00+01:00
0.50600000000000000000, 2024-04-01T18:00:00+01:00, 2024-04-01T18:30:00+01:00
0.53100000000000000000, 2024-04-01T18:30:00+01:00, 2024-04-01T19:00:00+01:00
0.15100000000000000000, 2024-04-01T19:00:00+01:00, 2024-04-01T19:30:00+01:00
0.11200000000000000000, 2024-04-01T19:30:00+01:00, 2024-04-01T20:00:00+01:00
0.15500000000000000000, 2024-04-01T20:00:00+01:00, 2024-04-01T20:30:00+01:00
0.13800000000000000000, 2024-04-01T20:30:00+01:00, 2024-04-01T21:00:00+01:00
0.11300000000000000000, 2024-04-01T21:00:00+01:00, 2024-04-01T21:30:00+01:00
0.14500000000000000000, 2024-04-01T21:30:00+01:00, 2024-04-01T22:00:00+01:00
0.10900000000000000000, 2024-04-01T22:00:00+01:00, 2024-04-01T22:30:00+01:00
0.05900000000000000000, 2024-04-01T22:30:00+01:00, 2024-04-01T23:00:00+01:00
0.06400000000000000000, 2024-04-01T23:00:00+01:00, 2024-04-01T23:30:00+01:00
0.02700000000000000000, 2024-04-01T23:30:00+01:00, 2024-04-02T00:00:00+01:00
0.05100000000000000000, 2024-04-02T00:00:00+01:00, 2024-04-02T00:30:00+01:00
0.05200000000000000000, 2024-04-02T00:30:00+01:00, 2024-04-02T01:00:00+01:00
0.02400000000000000000, 2024-04-02T01:00:00+01:00, 2024-04-02T01:30:00+01:00
0.06200000000000000000, 2024-04-02T01:30:00+01:00, 2024-04-02T02:00:00+01:00
0.03700000000000000000, 2024-04-02T02:00:00+01:00, 2024-04-02T02:30:00+01:00
0.03700000000000000000, 2024-04-02T02:30:00+01:00, 2024-04-02T03:00:00+01:00
0.06700000000000000000, 2024-04-02T03:00:00+01:00, 2024-04-02T03:30:00+01:00
0.02900000000000000000, 2024-04-02T03:30:00+01:00, 2024-04-02T04:00:00+01:00
0.06200000000000000000, 2024-04-02T04:00:00+01:00, 2024-04-02T04:30:00+01:00
0.06000000000000000000, 2024-04-02T04:30:00+01:00, 2024-04-02T05:00:00+01:00
0.04800000000000000000, 2024-04-02T05:00:00+01:00, 2024-04-02T05:30:00+01:00
0.08200000000000000000, 2024-04-02T05:30:00+01:00, 2024-04-02T06:00:00+01:00
0.05200000000000000000, 2024-04-02T06:00:00+01:00, 2024-04-02T06:30:00+01:00
0.22600000000000000000, 2024-04-02T06:30:00+01:00, 2024-04-02T07:00:00+01:00
0.08100000000000000000, 2024-04-02T07:00:00+01:00, 2024-04-02T07:30:00+01:00
0.04200000000000000000, 2024-04-02T07:30:00+01:00, 2024-04-02T08:00:00+01:00
0.07200000000000000000, 2024-04-02T08:00:00+01:00, 2024-04-02T08:30:00+01:00
0.07600000000000000000, 2024-04-02T08:30:00+01:00, 2024-04-02T09:00:00+01:00
0.21200000000000000000, 2024-04-02T09:00:00+01:00, 2024-04-02T09:30:00+01:00
0.09100000000000000000, 2024-04-02T09:30:00+01:00, 2024-04-02T10:00:00+01:00
0.19200000000000000000, 2024-04-02T10:00:00+01:00, 2024-04-02T10:30:00+01:00
0.06400000000000000000, 2024-04-02T10:30:00+01:00, 2024-04-02T11:00:00+01:00
0.06800000000000000000, 2024-04-02T11:00:00+01:00, 2024-04-02T11:30:00+01:00
0.04100000000000000000, 2024-04-02T11:30:00+01:00, 2024-04-02T12:00:00+01:00
0.07300000000000000000, 2024-04-02T12:00:00+01:00, 2024-04-02T12:30:00+01:00
0.11100000000000000000, 2024-04-02T12:30:00+01:00, 2024-04-02T13:00:00+01:00
0.06200000000000000000, 2024-04-02T13:00:00+01:00, 2024-04-02T13:30:00+01:00
0.07700000000000000000, 2024-04-02T13:30:00+01:00, 2024-04-02T14:00:00+01:00
0.04400000000000000000, 2024-04-02T14:00:00+01:00, 2024-04-02T14:30:00+01:00
0.17800000000000000000, 2024-04-02T14:30:00+01:00, 2024-04-02T15:00:00+01:00
0.08600000000000000000, 2024-04-02T15:00:00+01:00, 2024-04-02T15:30:00+01:00
0.13000000000000000000, 2024-04-02T15:30:00+01:00, 2024-04-02T16:00:00+01:00
0.24100000000000000000, 2024-04-02T16:00:00+01:00, 2024-04-02T16:30:00+01:00
0.11300000000000000000, 2024-04-02T16:30:00+01:00, 2024-04-02T17:00:00+01:00
0.06500000000000000000, 2024-04-02T17:00:00+01:00, 2024-04-02T17:30:00+01:00
0.27200000000000000000, 2024-04-02T17:30:00+01:00, 2024-04-02T18:00:00+01:00
1.0290000000000000, 2024-04-02T18:00:00+01:00, 2024-04-02T18:30:00+01:00
0.43800000000000000000, 2024-04-02T18:30:00+01:00, 2024-04-02T19:00:00+01:00
0.10300000000000000000, 2024-04-02T19:00:00+01:00, 2024-04-02T19:30:00+01:00
0.12700000000000000000, 2024-04-02T19:30:00+01:00, 2024-04-02T20:00:00+01:00
0.11800000000000000000, 2024-04-02T20:00:00+01:00, 2024-04-02T20:30:00+01:00
0.09900000000000000000, 2024-04-02T20:30:00+01:00, 2024-04-02T21:00:00+01:00
0.09700000000000000000, 2024-04-02T21:00:00+01:00, 2024-04-02T21:30:00+01:00
0.21100000000000000000, 2024-04-02T21:30:00+01:00, 2024-04-02T22:00:00+01:00
0.11900000000000000000, 2024-04-02T22:00:00+01:00, 2024-04-02T22:30:00+01:00
0.10600000000000000000, 2024-04-02T22:30:00+01:00, 2024-04-02T23:00:00+01:00
0.06500000000000000000, 2024-04-02T23:00:00+01:00, 2024-04-02T23:30:00+01:00
0.05200000000000000000, 2024-04-02T23:30:00+01:00, 2024-04-03T00:00:00+01:00
0.06600000000000000000, 2024-04-03T00:00:00+01:00, 2024-04-03T00:30:00+01:00
0.03600000000000000000, 2024-04-03T00:30:00+01:00, 2024-04-03T01:00:00+01:00
