Consumption (mÂ³), Start, End
0.000, 2024-03-14T00:00:00+00:00, 2024-03-14T00:30:00+00:00
0.000, 2024-03-14T00:30:00+00:00, 2024-03-14T01:00:00+00:00
0.000, 2024-03-14T01:00:00+00:00, 2024-03-14T01:30:00+00:00
0.000, 2024-03-14T01:30:00+00:00, 2024-03-14T02:00:00+00:00
0.000, 2024-03-14T02:00:00+00:00, 2024-03-14T02:30:00+00:00
0.000, 2024-03-14T02:30:00+00:00, 2024-03-14T03:00:00+00:00
0.000, 2024-03-14T03:00:00+00:00, 2024-03-14T03:30:00+00:00
0.000, 2024-03-14T03:30:00+00:00, 2024-03-14T04:00:00+00:00
0.000, 2024-03-14T04:00:00+00:00, 2024-03-14T04:30:00+00:00
0.000, 2024-03-14T04:30:00+00:00, 2024-03-14T05:00:00+00:00
0.000, 2024-03-14T05:00:00+00:00, 2024-03-14T05:30:00+00:00
0.000, 2024-03-14T05:30:00+00:00, 2024-03-14T06:00:00+00:00
0.000, 2024-03-14T06:00:00+00:00, 2024-03-14T06:30:00+00:00
0.000, 2024-03-14T06:30:00+00:00, 2024-03-14T07:00:00+00:00
0.000, 2024-03-14T07:00:00+00:00, 2024-03-14T07:30:00+00:00
0.650, 2024-03-14T07:30:00+00:00, 2024-03-14T08:00:00+00:00
0.360, 2024-03-14T08:00:00+00:00, 2024-03-14T08:30:00+00:00
0.012, 2024-03-14T08:30:00+00:00, 2024-03-14T09:00:00+00:00
0.000, 2024-03-14T09:00:00+00:00, 2024-03-14T09:30:00+00:00
0.021, 2024-03-14T09:30:00+00:00, 2024-03-14T10:00:00+00:00
0.000, 2024-03-14T10:00:00+00:00, 2024-03-14T10:30:00+00:00
0.000, 2024-03-14T10:30:00+00:00, 2024-03-14T11:00:00+00:00
0.000, 2024-03-14T11:00:00+00:00, 2024-03-14T11:30:00+00:00
0.000, 2024-03-14T11:30:00+00:00, 2024-03-14T12:00:00+00:00
0.000, 2024-03-14T12:00:00+00:00, 2024-03-14T12:30:00+00:00
0.000, 2024-03-14T12:30:00+00:00, 2024-03-14T13:00:00+00:00
0.000, 2024-03-14T13:00:00+00:00, 2024-03-14T13:30:00+00:00
0.000, 2024-03-14T13:30:00+00:00, 2024-03-14T14:00:00+00:00
0.000, 2024-03-14T14:00:00+00:00, 2024-03-14T14:30:00+00:00
0.000, 2024-03-14T14:30:00+00:00, 2024-03-14T15:00:00+00:00
0.000, 2024-03-14T15:00:00+00:00, 2024-03-14T15:30:00+00:00
0.008, 2024-03-14T15:30:00+00:00, 2024-03-14T16:00:00+00:00
0.000, 2024-03-14T16:00:00+00:00, 2024-03-14T16:30:00+00:00
0.000, 2024-03-14T16:30:00+00:00, 2024-03-14T17:00:00+00:00
0.013, 2024-03-14T17:00:00+00:00, 2024-03-14T17:30:00+00:00
0.000, 2024-03-14T17:30:00+00:00, 2024-03-14T18:00:00+00:00
0.000, 2024-03-14T18:00:00+00:00, 2024-03-14T18:30:00+00:00
0.000, 2024-03-14T18:30:00+00:00, 2024-03-14T19:00:00+00:00
0.000, 2024-03-14T19:00:00+00:00, 2024-03-14T19:30:00+00:00
0.000, 2024-03-14T19:30:00+00:00, 2024-03-14T20:00:00+00:00
0.000, 2024-03-14T20:00:00+00:00, 2024-03-14T20:30:00+00:00
0.000, 2024-03-14T20:30:00+00:00, 2024-03-14T21:00:00+00:00
0.000, 2024-03-14T21:00:00+00:00, 2024-03-14T21:30:00+00:00
0.000, 2024-03-14T21:30:00+00:00, 2024-03-14T22:00:00+00:00
0.000, 2024-03-14T22:00:00+00:00, 2024-03-14T22:30:00+00:00
0.009, 2024-03-14T22:30:00+00:00, 2024-03-14T23:00:00+00:00
0.037, 2024-03-14T23:00:00+00:00, 2024-03-14T23:30:00+00:00
0.000, 2024-03-14T23:30:00+00:00, 2024-03-15T00:00:00+00:00
0.000, 2024-03-15T00:00:00+00:00, 2024-03-15T00:30:00+00:00
0.000, 2024-03-15T00:30:00+00:00, 2024-03-15T01:00:00+00:00
0.000, 2024-03-15T01:00:00+00:00, 2024-03-15T01:30:00+00:00
0.000, 2024-03-15T01:30:00+00:00, 2024-03-15T02:00:00+00:00
0.000, 2024-03-15T02:00:00+00:00, 2024-03-15T02:30:00+00:00
0.000, 2024-03-15T02:30:00+00:00, 2024-03-15T03:00:00+00:00
0.000, 2024-03-15T03:00:00+00:00, 2024-03-15T03:30:00+00:00
0.000, 2024-03-15T03:30:00+00:00, 2024-03-15T04:00:00+00:00
0.000, 2024-03-15T04:00:00+00:00, 2024-03-15T04:30:00+00:00
0.000, 2024-03-15T04:30:00+00:00, 2024-03-15T05:00:00+00:00
0.000, 2024-03-15T05:00:00+00:00, 2024-03-15T05:30:00+00:00
0.000, 2024-03-15T05:30:00+00:00, 2024-03-15T06:00:00+00:00
0.000, 2024-03-15T06:00:00+00:00, 2024-03-15T06:30:00+00:00
0.000, 2024-03-15T06:30:00+00:00, 2024-03-15T07:00:00+00:00
0.000, 2024-03-15T07:00:00+00:00, 2024-03-15T07:30:00+00:00
0.653, 2024-03-15T07:30:00+00:00, 2024-03-15T08:00:00+00:00
0.344, 2024-03-15T08:00:00+00:00, 2024-03-15T08:30:00+00:00
0.259, 2024-03-15T08:30:00+00:00, 2024-03-15T09:00:00+00:00
0.000, 2024-03-15T09:00:00+00:00, 2024-03-15T09:30:00+00:00
0.002, 2024-03-15T09:30:00+00:00, 2024-03-15T10:00:00+00:00
0.003, 2024-03-15T10:00:00+00:00, 2024-03-15T10:30:00+00:00
0.000, 2024-03-15T10:30:00+00:00, 2024-03-15T11:00:00+00:00
0.000, 2024-03-15T11:00:00+00:00, 2024-03-15T11:30:00+00:00
0.000, 2024-03-15T11:30:00+00:00, 2024-03-15T12:00:00+00:00
0.005, 2024-03-15T12:00:00+00:00, 2024-03-15T12:30:00+00:00
0.006, 2024-03-15T12:30:00+00:00, 2024-03-15T13:00:00+00:00
0.002, 2024-03-15T13:00:00+00:00, 2024-03-15T13:30:00+00:00
0.000, 2024-03-15T13:30:00+00:00, 2024-03-15T14:00:00+00:00
0.000, 2024-03-15T14:00:00+00:00, 2024-03-15T14:30:00+00:00
0.000, 2024-03-15T14:30:00+00:00, 2024-03-15T15:00:00+00:00
0.000, 2024-03-15T15:00:00+00:00, 2024-03-15T15:30:00+00:00
0.000, 2024-03-15T15:30:00+00:00, 2024-03-15T16:00:00+00:00
0.000, 2024-03-15T16:00:00+00:00, 2024-03-15T16:30:00+00:00
0.020, 2024-03-15T16:30:00+00:00, 2024-03-15T17:00:00+00:00
0.000, 2024-03-15T17:00:00+00:00, 2024-03-15T17:30:00+00:00
0.000, 2024-03-15T17:30:00+00:00, 2024-03-15T18:00:00+00:00
0.000, 2024-03-15T18:00:00+00:00, 2024-03-15T18:30:00+00:00
0.033, 2024-03-15T18:30:00+00:00, 2024-03-15T19:00:00+00:00
0.000, 2024-03-15T19:00:00+00:00, 2024-03-15T19:30:00+00:00
0.000, 2024-03-15T19:30:00+00:00, 2024-03-15T20:00:00+00:00
0.000, 2024-03-15T20:00:00+00:00, 2024-03-15T20:30:00+00:00
0.000, 2024-03-15T20:30:00+00:00, 2024-03-15T21:00:00+00:00
0.000, 2024-03-15T21:00:00+00:00, 2024-03-15T21:30:00+00:00
0.000, 2024-03-15T21:30:00+00:00, 2024-03-15T22:00:00+00:00
0.034, 2024-03-15T22:00:00+00:00, 2024-03-15T22:30:00+00:00
0.003, 2024-03-15T22:30:00+00:00, 2024-03-15T23:00:00+00:00
0.000, 2024-03-15T23:00:00+00:00, 2024-03-15T23:30:00+00:00
0.000, 2024-03-15T23:30:00+00:00, 2024-03-16T00:00:00+00:00
0.000, 2024-03-16T00:00:00+00:00, 2024-03-16T00:30:00+00:00
0.000, 2024-03-16T00:30:00+00:00, 2024-03-16T01:00:00+00:00
0.000, 2024-03-16T01:00:00+00:00, 2024-03-16T01:30:00+00:00
0.000, 2024-03-16T01:30:00+00:00, 2024-03-16T02:00:00+00:00
0.000, 2024-03-16T02:00:00+00:00, 2024-03-16T02:30:00+00:00
0.000, 2024-03-16T02:30:00+00:00, 2024-03-16T03:00:00+00:00
0.000, 2024-03-16T03:00:00+00:00, 2024-03-16T03:30:00+00:00
0.000, 2024-03-16T03:30:00+00:00, 2024-03-16T04:00:00+00:00
0.000, 2024-03-16T04:00:00+00:00, 2024-03-16T04:30:00+00:00
0.000, 2024-03-16T04:30:00+00:00, 2024-03-16T05:00:00+00:00
0.000, 2024-03-16T05:00:00+00:00, 2024-03-16T05:30:00+00:00
0.000, 2024-03-16T05:30:00+00:00, 2024-03-16T06:00:00+00:00
0.000, 2024-03-16T06:00:00+00:00, 2024-03-16T06:30:00+00:00
0.000, 2024-03-16T06:30:00+00:00, 2024-03-16T07:00:00+00:00
0.000, 2024-03-16T07:00:00+00:00, 2024-03-16T07:30:00+00:00
0.074, 2024-03-16T07:30:00+00:00, 2024-03-16T08:00:00+00:00
0.000, 2024-03-16T08:00:00+00:00, 2024-03-16T08:30:00+00:00
0.632, 2024-03-16T08:30:00+00:00, 2024-03-16T09:00:00+00:00
0.423, 2024-03-16T09:00:00+00:00, 2024-03-16T09:30:00+00:00
0.012, 2024-03-16T09:30:00+00:00, 2024-03-16T10:00:00+00:00
0.003, 2024-03-16T10:00:00+00:00, 2024-03-16T10:30:00+00:00
0.329, 2024-03-16T10:30:00+00:00, 2024-03-16T11:00:00+00:00
0.009, 2024-03-16T11:00:00+00:00, 2024-03-16T11:30:00+00:00
0.000, 2024-03-16T11:30:00+00:00, 2024-03-16T12:00:00+00:00
0.000, 2024-03-16T12:00:00+00:00, 2024-03-16T12:30:00+00:00
0.000, 2024-03-16T12:30:00+00:00, 2024-03-16T13:00:00+00:00
0.007, 2024-03-16T13:00:00+00:00, 2024-03-16T13:30:00+00:00
0.000, 2024-03-16T13:30:00+00:00, 2024-03-16T14:00:00+00:00
0.000, 2024-03-16T14:00:00+00:00, 2024-03-16T14:30:00+00:00
0.000, 2024-03-16T14:30:00+00:00, 2024-03-16T15:00:00+00:00
0.000, 2024-03-16T15:00:00+00:00, 2024-03-16T15:30:00+00:00
0.000, 2024-03-16T15:30:00+00:00, 2024-03-16T16:00:00+00:00
0.000, 2024-03-16T16:00:00+00:00, 2024-03-16T16:30:00+00:00
0.639, 2024-03-16T16:30:00+00:00, 2024-03-16T17:00:00+00:00
0.353, 2024-03-16T17:00:00+00:00, 2024-03-16T17:30:00+00:00
0.016, 2024-03-16T17:30:00+00:00, 2024-03-16T18:00:00+00:00
0.000, 2024-03-16T18:00:00+00:00, 2024-03-16T18:30:00+00:00
0.252, 2024-03-16T18:30:00+00:00, 2024-03-16T19:00:00+00:00
0.435, 2024-03-16T19:00:00+00:00, 2024-03-16T19:30:00+00:00
0.272, 2024-03-16T19:30:00+00:00, 2024-03-16T20:00:00+00:00
0.183, 2024-03-16T20:00:00+00:00, 2024-03-16T20:30:00+00:00
0.171, 2024-03-16T20:30:00+00:00, 2024-03-16T21:00:00+00:00
0.163, 2024-03-16T21:00:00+00:00, 2024-03-16T21:30:00+00:00
0.174, 2024-03-16T21:30:00+00:00, 2024-03-16T22:00:00+00:00
0.197, 2024-03-16T22:00:00+00:00, 2024-03-16T22:30:00+00:00
0.065, 2024-03-16T22:30:00+00:00, 2024-03-16T23:00:00+00:00
0.000, 2024-03-16T23:00:00+00:00, 2024-03-16T23:30:00+00:00
0.000, 2024-03-16T23:30:00+00:00, 2024-03-17T00:00:00+00:00
0.000, 2024-03-17T00:00:00+00:00, 2024-03-17T00:30:00+00:00
0.000, 2024-03-17T00:30:00+00:00, 2024-03-17T01:00:00+00:00
0.000, 2024-03-17T01:00:00+00:00, 2024-03-17T01:30:00+00:00
0.000, 2024-03-17T01:30:00+00:00, 2024-03-17T02:00:00+00:00
0.000, 2024-03-17T02:00:00+00:00, 2024-03-17T02:30:00+00:00
0.000, 2024-03-17T02:30:00+00:00, 2024-03-17T03:00:00+00:00
0.000, 2024-03-17T03:00:00+00:00, 2024-03-17T03:30:00+00:00
0.000, 2024-03-17T03:30:00+00:00, 2024-03-17T04:00:00+00:00
0.000, 2024-03-17T04:00:00+00:00, 2024-03-17T04:30:00+00:00
0.000, 2024-03-17T04:30:00+00:00, 2024-03-17T05:00:00+00:00
0.000, 2024-03-17T05:00:00+00:00, 2024-03-17T05:30:00+00:00
0.000, 2024-03-17T05:30:00+00:00, 2024-03-17T06:00:00+00:00
0.000, 2024-03-17T06:00:00+00:00, 2024-03-17T06:30:00+00:00
0.000, 2024-03-17T06:30:00+00:00, 2024-03-17T07:00:00+00:00
0.000, 2024-03-17T07:00:00+00:00, 2024-03-17T07:30:00+00:00
0.030, 2024-03-17T07:30:00+00:00, 2024-03-17T08:00:00+00:00
0.000, 2024-03-17T08:00:00+00:00, 2024-03-17T08:30:00+00:00
0.633, 2024-03-17T08:30:00+00:00, 2024-03-17T09:00:00+00:00
0.296, 2024-03-17T09:00:00+00:00, 2024-03-17T09:30:00+00:00
0.000, 2024-03-17T09:30:00+00:00, 2024-03-17T10:00:00+00:00
0.000, 2024-03-17T10:00:00+00:00, 2024-03-17T10:30:00+00:00
0.379, 2024-03-17T10:30:00+00:00, 2024-03-17T11:00:00+00:00
0.045, 2024-03-17T11:00:00+00:00, 2024-03-17T11:30:00+00:00
0.043, 2024-03-17T11:30:00+00:00, 2024-03-17T12:00:00+00:00
0.006, 2024-03-17T12:00:00+00:00, 2024-03-17T12:30:00+00:00
0.000, 2024-03-17T12:30:00+00:00, 2024-03-17T13:00:00+00:00
0.009, 2024-03-17T13:00:00+00:00, 2024-03-17T13:30:00+00:00
0.000, 2024-03-17T13:30:00+00:00, 2024-03-17T14:00:00+00:00
0.000, 2024-03-17T14:00:00+00:00, 2024-03-17T14:30:00+00:00
0.000, 2024-03-17T14:30:00+00:00, 2024-03-17T15:00:00+00:00
0.000, 2024-03-17T15:00:00+00:00, 2024-03-17T15:30:00+00:00
0.000, 2024-03-17T15:30:00+00:00, 2024-03-17T16:00:00+00:00
0.007, 2024-03-17T16:00:00+00:00, 2024-03-17T16:30:00+00:00
0.000, 2024-03-17T16:30:00+00:00, 2024-03-17T17:00:00+00:00
0.032, 2024-03-17T17:00:00+00:00, 2024-03-17T17:30:00+00:00
0.008, 2024-03-17T17:30:00+00:00, 2024-03-17T18:00:00+00:00
0.026, 2024-03-17T18:00:00+00:00, 2024-03-17T18:30:00+00:00
0.028, 2024-03-17T18:30:00+00:00, 2024-03-17T19:00:00+00:00
0.004, 2024-03-17T19:00:00+00:00, 2024-03-17T19:30:00+00:00
0.016, 2024-03-17T19:30:00+00:00, 2024-03-17T20:00:00+00:00
0.000, 2024-03-17T20:00:00+00:00, 2024-03-17T20:30:00+00:00
0.000, 2024-03-17T20:30:00+00:00, 2024-03-17T21:00:00+00:00
0.002, 2024-03-17T21:00:00+00:00, 2024-03-17T21:30:00+00:00
0.000, 2024-03-17T21:30:00+00:00, 2024-03-17T22:00:00+00:00
0.000, 2024-03-17T22:00:00+00:00, 2024-03-17T22:30:00+00:00
0.025, 2024-03-17T22:30:00+00:00, 2024-03-17T23:00:00+00:00
0.038, 2024-03-17T23:00:00+00:00, 2024-03-17T23:30:00+00:00
0.000, 2024-03-17T23:30:00+00:00, 2024-03-18T00:00:00+00:00
0.000, 2024-03-18T00:00:00+00:00, 2024-03-18T00:30:00+00:00
0.000, 2024-03-18T00:30:00+00:00, 2024-03-18T01:00:00+00:00
0.000, 2024-03-18T01:00:00+00:00, 2024-03-18T01:30:00+00:00
0.000, 2024-03-18T01:30:00+00:00, 2024-03-18T02:00:00+00:00
0.000, 2024-03-18T02:00:00+00:00, 2024-03-18T02:30:00+00:00
0.000, 2024-03-18T02:30:00+00:00, 2024-03-18T03:00:00+00:00
0.000, 2024-03-18T03:00:00+00:00, 2024-03-18T03:30:00+00:00
0.000, 2024-03-18T03:30:00+00:00, 2024-03-18T04:00:00+00:00
0.000, 2024-03-18T04:00:00+00:00, 2024-03-18T04:30:00+00:00
0.000, 2024-03-18T04:30:00+00:00, 2024-03-18T05:00:00+00:00
0.000, 2024-03-18T05:00:00+00:00, 2024-03-18T05:30:00+00:00
0.000, 2024-03-18T05:30:00+00:00, 2024-03-18T06:00:00+00:00
0.000, 2024-03-18T06:00:00+00:00, 2024-03-18T06:30:00+00:00
0.026, 2024-03-18T06:30:00+00:00, 2024-03-18T07:00:00+00:00
0.000, 2024-03-18T07:00:00+00:00, 2024-03-18T07:30:00+00:00
0.654, 2024-03-18T07:30:00+00:00, 2024-03-18T08:00:00+00:00
0.383, 2024-03-18T08:00:00+00:00, 2024-03-18T08:30:00+00:00
0.220, 2024-03-18T08:30:00+00:00, 2024-03-18T09:00:00+00:00
0.000, 2024-03-18T09:00:00+00:00, 2024-03-18T09:30:00+00:00
0.014, 2024-03-18T09:30:00+00:00, 2024-03-18T10:00:00+00:00
0.260, 2024-03-18T10:00:00+00:00, 2024-03-18T10:30:00+00:00
0.002, 2024-03-18T10:30:00+00:00, 2024-03-18T11:00:00+00:00
0.000, 2024-03-18T11:00:00+00:00, 2024-03-18T11:30:00+00:00
0.000, 2024-03-18T11:30:00+00:00, 2024-03-18T12:00:00+00:00
0.016, 2024-03-18T12:00:00+00:00, 2024-03-18T12:30:00+00:00
0.011, 2024-03-18T12:30:00+00:00, 2024-03-18T13:00:00+00:00
0.013, 2024-03-18T13:00:00+00:00, 2024-03-18T13:30:00+00:00
0.000, 2024-03-18T13:30:00+00:00, 2024-03-18T14:00:00+00:00
0.005, 2024-03-18T14:00:00+00:00, 2024-03-18T14:30:00+00:00
0.000, 2024-03-18T14:30:00+00:00, 2024-03-18T15:00:00+00:00
0.122, 2024-03-18T15:00:00+00:00, 2024-03-18T15:30:00+00:00
0.091, 2024-03-18T15:30:00+00:00, 2024-03-18T16:00:00+00:00
0.087, 2024-03-18T16:00:00+00:00, 2024-03-18T16:30:00+00:00
0.021, 2024-03-18T16:30:00+00:00, 2024-03-18T17:00:00+00:00
0.000, 2024-03-18T17:00:00+00:00, 2024-03-18T17:30:00+00:00
0.000, 2024-03-18T17:30:00+00:00, 2024-03-18T18:00:00+00:00
0.022, 2024-03-18T18:00:00+00:00, 2024-03-18T18:30:00+00:00
0.072, 2024-03-18T18:30:00+00:00, 2024-03-18T19:00:00+00:00
0.064, 2024-03-18T19:00:00+00:00, 2024-03-18T19:30:00+00:00
0.000, 2024-03-18T19:30:00+00:00, 2024-03-18T20:00:00+00:00
0.000, 2024-03-18T20:00:00+00:00, 2024-03-18T20:30:00+00:00
0.000, 2024-03-18T20:30:00+00:00, 2024-03-18T21:00:00+00:00
0.000, 2024-03-18T21:00:00+00:00, 2024-03-18T21:30:00+00:00
0.000, 2024-03-18T21:30:00+00:00, 2024-03-18T22:00:00+00:00
0.056, 2024-03-18T22:00:00+00:00, 2024-03-18T22:30:00+00:00
0.000, 2024-03-18T22:30:00+00:00, 2024-03-18T23:00:00+00:00
0.000, 2024-03-18T23:00:00+00:00, 2024-03-18T23:30:00+00:00
0.000, 2024-03-18T23:30:00+00:00, 2024-03-19T00:00:00+00:00
0.000, 2024-03-19T00:00:00+00:00, 2024-03-19T00:30:00+00:00
0.000, 2024-03-19T00:30:00+00:00, 2024-03-19T01:00:00+00:00
0.000, 2024-03-19T01:00:00+00:00, 2024-03-19T01:30:00+00:00
0.000, 2024-03-19T01:30:00+00:00, 2024-03-19T02:00:00+00:00
0.000, 2024-03-19T02:00:00+00:00, 2024-03-19T02:30:00+00:00
0.000, 2024-03-19T02:30:00+00:00, 2024-03-19T03:00:00+00:00
0.000, 2024-03-19T03:00:00+00:00, 2024-03-19T03:30:00+00:00
0.000, 2024-03-19T03:30:00+00:00, 2024-03-19T04:00:00+00:00
0.000, 2024-03-19T04:00:00+00:00, 2024-03-19T04:30:00+00:00
0.000, 2024-03-19T04:30:00+00:00, 2024-03-19T05:00:00+00:00
0.000, 2024-03-19T05:00:00+00:00, 2024-03-19T05:30:00+00:00
0.000, 2024-03-19T05:30:00+00:00, 2024-03-19T06:00:00+00:00
0.000, 2024-03-19T06:00:00+00:00, 2024-03-19T06:30:00+00:00
0.197, 2024-03-19T06:30:00+00:00, 2024-03-19T07:00:00+00:00
0.000, 2024-03-19T07:00:00+00:00, 2024-03-19T07:30:00+00:00
0.617, 2024-03-19T07:30:00+00:00, 2024-03-19T08:00:00+00:00
0.396, 2024-03-19T08:00:00+00:00, 2024-03-19T08:30:00+00:00
0.036, 2024-03-19T08:30:00+00:00, 2024-03-19T09:00:00+00:00
0.010, 2024-03-19T09:00:00+00:00, 2024-03-19T09:30:00+00:00
0.000, 2024-03-19T09:30:00+00:00, 2024-03-19T10:00:00+00:00
0.000, 2024-03-19T10:00:00+00:00, 2024-03-19T10:30:00+00:00
0.000, 2024-03-19T10:30:00+00:00, 2024-03-19T11:00:00+00:00
0.000, 2024-03-19T11:00:00+00:00, 2024-03-19T11:30:00+00:00
0.000, 2024-03-19T11:30:00+00:00, 2024-03-19T12:00:00+00:00
0.000, 2024-03-19T12:00:00+00:00, 2024-03-19T12:30:00+00:00
0.000, 2024-03-19T12:30:00+00:00, 2024-03-19T13:00:00+00:00
0.000, 2024-03-19T13:00:00+00:00, 2024-03-19T13:30:00+00:00
0.000, 2024-03-19T13:30:00+00:00, 2024-03-19T14:00:00+00:00
0.000, 2024-03-19T14:00:00+00:00, 2024-03-19T14:30:00+00:00
0.000, 2024-03-19T14:30:00+00:00, 2024-03-19T15:00:00+00:00
0.000, 2024-03-19T15:00:00+00:00, 2024-03-19T15:30:00+00:00
0.000, 2024-03-19T15:30:00+00:00, 2024-03-19T16:00:00+00:00
0.000, 2024-03-19T16:00:00+00:00, 2024-03-19T16:30:00+00:00
0.000, 2024-03-19T16:30:00+00:00, 2024-03-19T17:00:00+00:00
0.000, 2024-03-19T17:00:00+00:00, 2024-03-19T17:30:00+00:00
0.019, 2024-03-19T17:30:00+00:00, 2024-03-19T18:00:00+00:00
0.028, 2024-03-19T18:00:00+00:00, 2024-03-19T18:30:00+00:00
0.021, 2024-03-19T18:30:00+00:00, 2024-03-19T19:00:00+00:00
0.005, 2024-03-19T19:00:00+00:00, 2024-03-19T19:30:00+00:00
0.000, 2024-03-19T19:30:00+00:00, 2024-03-19T20:00:00+00:00
0.000, 2024-03-19T20:00:00+00:00, 2024-03-19T20:30:00+00:00
0.000, 2024-03-19T20:30:00+00:00, 2024-03-19T21:00:00+00:00
0.000, 2024-03-19T21:00:00+00:00, 2024-03-19T21:30:00+00:00
0.000, 2024-03-19T21:30:00+00:00, 2024-03-19T22:00:00+00:00
0.000, 2024-03-19T22:00:00+00:00, 2024-03-19T22:30:00+00:00
0.000, 2024-03-19T22:30:00+00:00, 2024-03-19T23:00:00+00:00
0.032, 2024-03-19T23:00:00+00:00, 2024-03-19T23:30:00+00:00
0.000, 2024-03-19T23:30:00+00:00, 2024-03-20T00:00:00+00:00
0.000, 2024-03-20T00:00:00+00:00, 2024-03-20T00:30:00+00:00
0.000, 2024-03-20T00:30:00+00:00, 2024-03-20T01:00:00+00:00
0.000, 2024-03-20T01:00:00+00:00, 2024-03-20T01:30:00+00:00
0.000, 2024-03-20T01:30:00+00:00, 2024-03-20T02:00:00+00:00
0.000, 2024-03-20T02:00:00+00:00, 2024-03-20T02:30:00+00:00
0.000, 2024-03-20T02:30:00+00:00, 2024-03-20T03:00:00+00:00
0.000, 2024-03-20T03:00:00+00:00, 2024-03-20T03:30:00+00:00
0.000, 2024-03-20T03:30:00+00:00, 2024-03-20T04:00:00+00:00
0.000, 2024-03-20T04:00:00+00:00, 2024-03-20T04:30:00+00:00
0.000, 2024-03-20T04:30:00+00:00, 2024-03-20T05:00:00+00:00
0.000, 2024-03-20T05:00:00+00:00, 2024-03-20T05:30:00+00:00
0.000, 2024-03-20T05:30:00+00:00, 2024-03-20T06:00:00+00:00
0.000, 2024-03-20T06:00:00+00:00, 2024-03-20T06:30:00+00:00
0.000, 2024-03-20T06:30:00+00:00, 2024-03-20T07:00:00+00:00
0.000, 2024-03-20T07:00:00+00:00, 2024-03-20T07:30:00+00:00
0.560, 2024-03-20T07:30:00+00:00, 2024-03-20T08:00:00+00:00
0.294, 2024-03-20T08:00:00+00:00, 2024-03-20T08:30:00+00:00
0.363, 2024-03-20T08:30:00+00:00, 2024-03-20T09:00:00+00:00
0.000, 2024-03-20T09:00:00+00:00, 2024-03-20T09:30:00+00:00
0.000, 2024-03-20T09:30:00+00:00, 2024-03-20T10:00:00+00:00
0.005, 2024-03-20T10:00:00+00:00, 2024-03-20T10:30:00+00:00
0.008, 2024-03-20T10:30:00+00:00, 2024-03-20T11:00:00+00:00
0.000, 2024-03-20T11:00:00+00:00, 2024-03-20T11:30:00+00:00
0.000, 2024-03-20T11:30:00+00:00, 2024-03-20T12:00:00+00:00
0.010, 2024-03-20T12:00:00+00:00, 2024-03-20T12:30:00+00:00
0.031, 2024-03-20T12:30:00+00:00, 2024-03-20T13:00:00+00:00
0.016, 2024-03-20T13:00:00+00:00, 2024-03-20T13:30:00+00:00
0.000, 2024-03-20T13:30:00+00:00, 2024-03-20T14:00:00+00:00
0.000, 2024-03-20T14:00:00+00:00, 2024-03-20T14:30:00+00:00
0.000, 2024-03-20T14:30:00+00:00, 2024-03-20T15:00:00+00:00
0.013, 2024-03-20T15:00:00+00:00, 2024-03-20T15:30:00+00:00
0.000, 2024-03-20T15:30:00+00:00, 2024-03-20T16:00:00+00:00
0.000, 2024-03-20T16:00:00+00:00, 2024-03-20T16:30:00+00:00
0.004, 2024-03-20T16:30:00+00:00, 2024-03-20T17:00:00+00:00
0.062, 2024-03-20T17:00:00+00:00, 2024-03-20T17:30:00+00:00
0.034, 2024-03-20T17:30:00+00:00, 2024-03-20T18:00:00+00:00
0.000, 2024-03-20T18:00:00+00:00, 2024-03-20T18:30:00+00:00
0.000, 2024-03-20T18:30:00+00:00, 2024-03-20T19:00:00+00:00
0.000, 2024-03-20T19:00:00+00:00, 2024-03-20T19:30:00+00:00
0.000, 2024-03-20T19:30:00+00:00, 2024-03-20T20:00:00+00:00
0.000, 2024-03-24T00:00:00+00:00, 2024-03-24T00:30:00+00:00
0.000, 2024-03-24T00:30:00+00:00, 2024-03-24T01:00:00+00:00
0.000, 2024-03-24T01:00:00+00:00, 2024-03-24T01:30:00+00:00
0.000, 2024-03-24T01:30:00+00:00, 2024-03-24T02:00:00+00:00
0.000, 2024-03-24T02:00:00+00:00, 2024-03-24T02:30:00+00:00
0.000, 2024-03-24T02:30:00+00:00, 2024-03-24T03:00:00+00:00
0.000, 2024-03-24T03:00:00+00:00, 2024-03-24T03:30:00+00:00
0.000, 2024-03-24T03:30:00+00:00, 2024-03-24T04:00:00+00:00
0.000, 2024-03-24T04:00:00+00:00, 2024-03-24T04:30:00+00:00
0.000, 2024-03-24T04:30:00+00:00, 2024-03-24T05:00:00+00:00
0.000, 2024-03-24T05:00:00+00:00, 2024-03-24T05:30:00+00:00
0.000, 2024-03-24T05:30:00+00:00, 2024-03-24T06:00:00+00:00
0.000, 2024-03-24T06:00:00+00:00, 2024-03-24T06:30:00+00:00
0.000, 2024-03-24T06:30:00+00:00, 2024-03-24T07:00:00+00:00
0.000, 2024-03-24T07:00:00+00:00, 2024-03-24T07:30:00+00:00
0.000, 2024-03-24T07:30:00+00:00, 2024-03-24T08:00:00+00:00
0.000, 2024-03-24T08:00:00+00:00, 2024-03-24T08:30:00+00:00
0.653, 2024-03-24T08:30:00+00:00, 2024-03-24T09:00:00+00:00
0.316, 2024-03-24T09:00:00+00:00, 2024-03-24T09:30:00+00:00
0.022, 2024-03-24T09:30:00+00:00, 2024-03-24T10:00:00+00:00
0.000, 2024-03-24T10:00:00+00:00, 2024-03-24T10:30:00+00:00
0.185, 2024-03-24T10:30:00+00:00, 2024-03-24T11:00:00+00:00
0.018, 2024-03-24T11:00:00+00:00, 2024-03-24T11:30:00+00:00
0.000, 2024-03-24T11:30:00+00:00, 2024-03-24T12:00:00+00:00
0.014, 2024-03-24T12:00:00+00:00, 2024-03-24T12:30:00+00:00
0.000, 2024-03-24T12:30:00+00:00, 2024-03-24T13:00:00+00:00
0.021, 2024-03-24T13:00:00+00:00, 2024-03-24T13:30:00+00:00
0.020, 2024-03-24T13:30:00+00:00, 2024-03-24T14:00:00+00:00
0.000, 2024-03-24T14:00:00+00:00, 2024-03-24T14:30:00+00:00
0.000, 2024-03-24T14:30:00+00:00, 2024-03-24T15:00:00+00:00
0.000, 2024-03-24T15:00:00+00:00, 2024-03-24T15:30:00+00:00
0.000, 2024-03-24T15:30:00+00:00, 2024-03-24T16:00:00+00:00
0.000, 2024-03-24T16:00:00+00:00, 2024-03-24T16:30:00+00:00
0.641, 2024-03-24T16:30:00+00:00, 2024-03-24T17:00:00+00:00
0.317, 2024-03-24T17:00:00+00:00, 2024-03-24T17:30:00+00:00
0.016, 2024-03-24T17:30:00+00:00, 2024-03-24T18:00:00+00:00
0.000, 2024-03-24T18:00:00+00:00, 2024-03-24T18:30:00+00:00
0.000, 2024-03-24T18:30:00+00:00, 2024-03-24T19:00:00+00:00
0.000, 2024-03-24T19:00:00+00:00, 2024-03-24T19:30:00+00:00
0.000, 2024-03-24T19:30:00+00:00, 2024-03-24T20:00:00+00:00
0.000, 2024-03-24T20:00:00+00:00, 2024-03-24T20:30:00+00:00
0.002, 2024-03-24T20:30:00+00:00, 2024-03-24T21:00:00+00:00
0.000, 2024-03-24T21:00:00+00:00, 2024-03-24T21:30:00+00:00
0.000, 2024-03-24T21:30:00+00:00, 2024-03-24T22:00:00+00:00
0.033, 2024-03-24T22:00:00+00:00, 2024-03-24T22:30:00+00:00
0.000, 2024-03-24T22:30:00+00:00, 2024-03-24T23:00:00+00:00
0.000, 2024-03-24T23:00:00+00:00, 2024-03-24T23:30:00+00:00
0.000, 2024-03-24T23:30:00+00:00, 2024-03-25T00:00:00+00:00
0.000, 2024-03-25T00:00:00+00:00, 2024-03-25T00:30:00+00:00
0.000, 2024-03-25T00:30:00+00:00, 2024-03-25T01:00:00+00:00
0.000, 2024-03-25T01:00:00+00:00, 2024-03-25T01:30:00+00:00
0.000, 2024-03-25T01:30:00+00:00, 2024-03-25T02:00:00+00:00
0.000, 2024-03-25T02:00:00+00:00, 2024-03-25T02:30:00+00:00
0.000, 2024-03-25T02:30:00+00:00, 2024-03-25T03:00:00+00:00
0.000, 2024-03-25T03:00:00+00:00, 2024-03-25T03:30:00+00:00
0.000, 2024-03-25T03:30:00+00:00, 2024-03-25T04:00:00+00:00
0.000, 2024-03-25T04:00:00+00:00, 2024-03-25T04:30:00+00:00
0.000, 2024-03-25T04:30:00+00:00, 2024-03-25T05:00:00+00:00
0.000, 2024-03-25T05:00:00+00:00, 2024-03-25T05:30:00+00:00
0.000, 2024-03-25T05:30:00+00:00, 2024-03-25T06:00:00+00:00
0.000, 2024-03-25T06:00:00+00:00, 2024-03-25T06:30:00+00:00
0.000, 2024-03-25T06:30:00+00:00, 2024-03-25T07:00:00+00:00
0.000, 2024-03-25T07:00:00+00:00, 2024-03-25T07:30:00+00:00
0.639, 2024-03-25T07:30:00+00:00, 2024-03-25T08:00:00+00:00
0.419, 2024-03-25T08:00:00+00:00, 2024-03-25T08:30:00+00:00
0.201, 2024-03-25T08:30:00+00:00, 2024-03-25T09:00:00+00:00
0.175, 2024-03-25T09:00:00+00:00, 2024-03-25T09:30:00+00:00
0.005, 2024-03-25T09:30:00+00:00, 2024-03-25T10:00:00+00:00
0.065, 2024-03-25T10:00:00+00:00, 2024-03-25T10:30:00+00:00
0.000, 2024-03-25T10:30:00+00:00, 2024-03-25T11:00:00+00:00
0.000, 2024-03-25T11:00:00+00:00, 2024-03-25T11:30:00+00:00
0.002, 2024-03-25T11:30:00+00:00, 2024-03-25T12:00:00+00:00
0.021, 2024-03-25T12:00:00+00:00, 2024-03-25T12:30:00+00:00
0.056, 2024-03-25T12:30:00+00:00, 2024-03-25T13:00:00+00:00
0.038, 2024-03-25T13:00:00+00:00, 2024-03-25T13:30:00+00:00
0.014, 2024-03-25T13:30:00+00:00, 2024-03-25T14:00:00+00:00
0.000, 2024-03-25T14:00:00+00:00, 2024-03-25T14:30:00+00:00
0.000, 2024-03-25T14:30:00+00:00, 2024-03-25T15:00:00+00:00
0.000, 2024-03-25T15:00:00+00:00, 2024-03-25T15:30:00+00:00
0.000, 2024-03-25T15:30:00+00:00, 2024-03-25T16:00:00+00:00
0.000, 2024-03-25T16:00:00+00:00, 2024-03-25T16:30:00+00:00
0.000, 2024-03-25T16:30:00+00:00, 2024-03-25T17:00:00+00:00
0.000, 2024-03-25T17:00:00+00:00, 2024-03-25T17:30:00+00:00
0.000, 2024-03-25T17:30:00+00:00, 2024-03-25T18:00:00+00:00
0.000, 2024-03-25T18:00:00+00:00, 2024-03-25T18:30:00+00:00
0.056, 2024-03-25T18:30:00+00:00, 2024-03-25T19:00:00+00:00
0.075, 2024-03-25T19:00:00+00:00, 2024-03-25T19:30:00+00:00
0.208, 2024-03-25T19:30:00+00:00, 2024-03-25T20:00:00+00:00
0.000, 2024-03-25T20:00:00+00:00, 2024-03-25T20:30:00+00:00
0.000, 2024-03-25T20:30:00+00:00, 2024-03-25T21:00:00+00:00
0.000, 2024-03-25T21:00:00+00:00, 2024-03-25T21:30:00+00:00
0.000, 2024-03-25T21:30:00+00:00, 2024-03-25T22:00:00+00:00
0.003, 2024-03-25T22:00:00+00:00, 2024-03-25T22:30:00+00:00
0.000, 2024-03-25T22:30:00+00:00, 2024-03-25T23:00:00+00:00
0.000, 2024-03-25T23:00:00+00:00, 2024-03-25T23:30:00+00:00
0.000, 2024-03-25T23:30:00+00:00, 2024-03-26T00:00:00+00:00
0.000, 2024-03-26T00:00:00+00:00, 2024-03-26T00:30:00+00:00
0.000, 2024-03-26T00:30:00+00:00, 2024-03-26T01:00:00+00:00
0.000, 2024-03-26T01:00:00+00:00, 2024-03-26T01:30:00+00:00
0.000, 2024-03-26T01:30:00+00:00, 2024-03-26T02:00:00+00:00
0.000, 2024-03-26T02:00:00+00:00, 2024-03-26T02:30:00+00:00
0.000, 2024-03-26T02:30:00+00:00, 2024-03-26T03:00:00+00:00
0.000, 2024-03-26T03:00:00+00:00, 2024-03-26T03:30:00+00:00
0.000, 2024-03-26T03:30:00+00:00, 2024-03-26T04:00:00+00:00
0.000, 2024-03-26T04:00:00+00:00, 2024-03-26T04:30:00+00:00
0.000, 2024-03-26T04:30:00+00:00, 2024-03-26T05:00:00+00:00
0.000, 2024-03-26T05:00:00+00:00, 2024-03-26T05:30:00+00:00
0.000, 2024-03-26T05:30:00+00:00, 2024-03-26T06:00:00+00:00
0.000, 2024-03-26T06:00:00+00:00, 2024-03-26T06:30:00+00:00
0.000, 2024-03-26T06:30:00+00:00, 2024-03-26T07:00:00+00:00
0.000, 2024-03-26T07:00:00+00:00, 2024-03-26T07:30:00+00:00
0.652, 2024-03-26T07:30:00+00:00, 2024-03-26T08:00:00+00:00
0.421, 2024-03-26T08:00:00+00:00, 2024-03-26T08:30:00+00:00
0.042, 2024-03-26T08:30:00+00:00, 2024-03-26T09:00:00+00:00
0.337, 2024-03-26T09:00:00+00:00, 2024-03-26T09:30:00+00:00
0.004, 2024-03-26T09:30:00+00:00, 2024-03-26T10:00:00+00:00
0.000, 2024-03-26T10:00:00+00:00, 2024-03-26T10:30:00+00:00
0.000, 2024-03-26T10:30:00+00:00, 2024-03-26T11:00:00+00:00
0.000, 2024-03-26T11:00:00+00:00, 2024-03-26T11:30:00+00:00
0.000, 2024-03-26T11:30:00+00:00, 2024-03-26T12:00:00+00:00
0.037, 2024-03-26T12:00:00+00:00, 2024-03-26T12:30:00+00:00
0.018, 2024-03-26T12:30:00+00:00, 2024-03-26T13:00:00+00:00
0.000, 2024-03-26T13:00:00+00:00, 2024-03-26T13:30:00+00:00
0.000, 2024-03-26T13:30:00+00:00, 2024-03-26T14:00:00+00:00
0.000, 2024-03-26T14:00:00+00:00, 2024-03-26T14:30:00+00:00
0.000, 2024-03-26T14:30:00+00:00, 2024-03-26T15:00:00+00:00
0.000, 2024-03-26T15:00:00+00:00, 2024-03-26T15:30:00+00:00
0.017, 2024-03-26T15:30:00+00:00, 2024-03-26T16:00:00+00:00
0.000, 2024-03-26T16:00:00+00:00, 2024-03-26T16:30:00+00:00
0.002, 2024-03-26T16:30:00+00:00, 2024-03-26T17:00:00+00:00
0.015, 2024-03-26T17:00:00+00:00, 2024-03-26T17:30:00+00:00
0.000, 2024-03-26T17:30:00+00:00, 2024-03-26T18:00:00+00:00
0.010, 2024-03-26T18:00:00+00:00, 2024-03-26T18:30:00+00:00
0.016, 2024-03-26T18:30:00+00:00, 2024-03-26T19:00:00+00:00
0.000, 2024-03-26T19:00:00+00:00, 2024-03-26T19:30:00+00:00
0.000, 2024-03-26T19:30:00+00:00, 2024-03-26T20:00:00+00:00
0.000, 2024-03-26T20:00:00+00:00, 2024-03-26T20:30:00+00:00
0.600, 2024-03-26T20:30:00+00:00, 2024-03-26T21:00:00+00:00
0.484, 2024-03-26T21:00:00+00:00, 2024-03-26T21:30:00+00:00
0.192, 2024-03-26T21:30:00+00:00, 2024-03-26T22:00:00+00:00
0.003, 2024-03-26T22:00:00+00:00, 2024-03-26T22:30:00+00:00
0.000, 2024-03-26T22:30:00+00:00, 2024-03-26T23:00:00+00:00
0.000, 2024-03-26T23:00:00+00:00, 2024-03-26T23:30:00+00:00
0.000, 2024-03-26T23:30:00+00:00, 2024-03-27T00:00:00+00:00
0.000, 2024-03-27T00:00:00+00:00, 2024-03-27T00:30:00+00:00
0.000, 2024-03-27T00:30:00+00:00, 2024-03-27T01:00:00+00:00
0.000, 2024-03-27T01:00:00+00:00, 2024-03-27T01:30:00+00:00
0.000, 2024-03-27T01:30:00+00:00, 2024-03-27T02:00:00+00:00
0.000, 2024-03-27T02:00:00+00:00, 2024-03-27T02:30:00+00:00
0.000, 2024-03-27T02:30:00+00:00, 2024-03-27T03:00:00+00:00
0.000, 2024-03-27T03:00:00+00:00, 2024-03-27T03:30:00+00:00
0.000, 2024-03-27T03:30:00+00:00, 2024-03-27T04:00:00+00:00
0.000, 2024-03-27T04:00:00+00:00, 2024-03-27T04:30:00+00:00
0.000, 2024-03-27T04:30:00+00:00, 2024-03-27T05:00:00+00:00
0.000, 2024-03-27T05:00:00+00:00, 2024-03-27T05:30:00+00:00
0.000, 2024-03-27T05:30:00+00:00, 2024-03-27T06:00:00+00:00
0.000, 2024-03-27T06:00:00+00:00, 2024-03-27T06:30:00+00:00
0.000, 2024-03-27T06:30:00+00:00, 2024-03-27T07:00:00+00:00
0.038, 2024-03-27T07:00:00+00:00, 2024-03-27T07:30:00+00:00
0.672, 2024-03-27T07:30:00+00:00, 2024-03-27T08:00:00+00:00
0.419, 2024-03-27T08:00:00+00:00, 2024-03-27T08:30:00+00:00
0.232, 2024-03-27T08:30:00+00:00, 2024-03-27T09:00:00+00:00
0.000, 2024-03-27T09:00:00+00:00, 2024-03-27T09:30:00+00:00
0.000, 2024-03-27T09:30:00+00:00, 2024-03-27T10:00:00+00:00
0.012, 2024-03-27T10:00:00+00:00, 2024-03-27T10:30:00+00:00
0.000, 2024-03-27T10:30:00+00:00, 2024-03-27T11:00:00+00:00
0.004, 2024-03-27T11:00:00+00:00, 2024-03-27T11:30:00+00:00
0.000, 2024-03-27T11:30:00+00:00, 2024-03-27T12:00:00+00:00
0.039, 2024-03-27T12:00:00+00:00, 2024-03-27T12:30:00+00:00
0.025, 2024-03-27T12:30:00+00:00, 2024-03-27T13:00:00+00:00
0.000, 2024-03-27T13:00:00+00:00, 2024-03-27T13:30:00+00:00
0.000, 2024-03-27T13:30:00+00:00, 2024-03-27T14:00:00+00:00
0.000, 2024-03-27T14:00:00+00:00, 2024-03-27T14:30:00+00:00
0.000, 2024-03-27T14:30:00+00:00, 2024-03-27T15:00:00+00:00
0.000, 2024-03-27T15:00:00+00:00, 2024-03-27T15:30:00+00:00
0.000, 2024-03-27T15:30:00+00:00, 2024-03-27T16:00:00+00:00
0.010, 2024-03-27T16:00:00+00:00, 2024-03-27T16:30:00+00:00
0.016, 2024-03-27T16:30:00+00:00, 2024-03-27T17:00:00+00:00
0.077, 2024-03-27T17:00:00+00:00, 2024-03-27T17:30:00+00:00
0.000, 2024-03-27T17:30:00+00:00, 2024-03-27T18:00:00+00:00
0.039, 2024-03-27T18:00:00+00:00, 2024-03-27T18:30:00+00:00
0.000, 2024-03-27T18:30:00+00:00, 2024-03-27T19:00:00+00:00
0.542, 2024-03-27T19:00:00+00:00, 2024-03-27T19:30:00+00:00
0.550, 2024-03-27T19:30:00+00:00, 2024-03-27T20:00:00+00:00
0.341, 2024-03-27T20:00:00+00:00, 2024-03-27T20:30:00+00:00
0.321, 2024-03-27T20:30:00+00:00, 2024-03-27T21:00:00+00:00
0.297, 2024-03-27T21:00:00+00:00, 2024-03-27T21:30:00+00:00
0.306, 2024-03-27T21:30:00+00:00, 2024-03-27T22:00:00+00:00
0.000, 2024-03-27T22:00:00+00:00, 2024-03-27T22:30:00+00:00
0.032, 2024-03-27T22:30:00+00:00, 2024-03-27T23:00:00+00:00
0.000, 2024-03-27T23:00:00+00:00, 2024-03-27T23:30:00+00:00
0.000, 2024-03-27T23:30:00+00:00, 2024-03-28T00:00:00+00:00
0.000, 2024-03-28T00:00:00+00:00, 2024-03-28T00:30:00+00:00
0.000, 2024-03-28T00:30:00+00:00, 2024-03-28T01:00:00+00:00
0.000, 2024-03-28T01:00:00+00:00, 2024-03-28T01:30:00+00:00
0.000, 2024-03-28T01:30:00+00:00, 2024-03-28T02:00:00+00:00
0.000, 2024-03-28T02:00:00+00:00, 2024-03-28T02:30:00+00:00
0.000, 2024-03-28T02:30:00+00:00, 2024-03-28T03:00:00+00:00
0.000, 2024-03-28T03:00:00+00:00, 2024-03-28T03:30:00+00:00
0.000, 2024-03-28T03:30:00+00:00, 2024-03-28T04:00:00+00:00
0.000, 2024-03-28T04:00:00+00:00, 2024-03-28T04:30:00+00:00
0.000, 2024-03-28T04:30:00+00:00, 2024-03-28T05:00:00+00:00
0.000, 2024-03-28T05:00:00+00:00, 2024-03-28T05:30:00+00:00
0.000, 2024-03-28T05:30:00+00:00, 2024-03-28T06:00:00+00:00
0.000, 2024-03-28T06:00:00+00:00, 2024-03-28T06:30:00+00:00
0.000, 2024-03-28T06:30:00+00:00, 2024-03-28T07:00:00+00:00
0.000, 2024-03-28T07:00:00+00:00, 2024-03-28T07:30:00+00:00
0.651, 2024-03-28T07:30:00+00:00, 2024-03-28T08:00:00+00:00
0.410, 2024-03-28T08:00:00+00:00, 2024-03-28T08:30:00+00:00
0.013, 2024-03-28T08:30:00+00:00, 2024-03-28T09:00:00+00:00
0.000, 2024-03-28T09:00:00+00:00, 2024-03-28T09:30:00+00:00
0.031, 2024-03-28T09:30:00+00:00, 2024-03-28T10:00:00+00:00
0.000, 2024-03-28T10:00:00+00:00, 2024-03-28T10:30:00+00:00
0.006, 2024-03-28T10:30:00+00:00, 2024-03-28T11:00:00+00:00
0.000, 2024-03-28T11:00:00+00:00, 2024-03-28T11:30:00+00:00
0.000, 2024-03-28T11:30:00+00:00, 2024-03-28T12:00:00+00:00
0.017, 2024-03-28T12:00:00+00:00, 2024-03-28T12:30:00+00:00
0.028, 2024-03-28T12:30:00+00:00, 2024-03-28T13:00:00+00:00
0.000, 2024-03-28T13:00:00+00:00, 2024-03-28T13:30:00+00:00
0.000, 2024-03-28T13:30:00+00:00, 2024-03-28T14:00:00+00:00
0.000, 2024-03-28T14:00:00+00:00, 2024-03-28T14:30:00+00:00
0.000, 2024-03-28T14:30:00+00:00, 2024-03-28T15:00:00+00:00
0.000, 2024-03-28T15:00:00+00:00, 2024-03-28T15:30:00+00:00
0.000, 2024-03-28T15:30:00+00:00, 2024-03-28T16:00:00+00:00
0.000, 2024-03-28T16:00:00+00:00, 2024-03-28T16:30:00+00:00
0.000, 2024-03-28T16:30:00+00:00, 2024-03-28T17:00:00+00:00
0.000, 2024-03-28T17:00:00+00:00, 2024-03-28T17:30:00+00:00
0.000, 2024-03-28T17:30:00+00:00, 2024-03-28T18:00:00+00:00
0.017, 2024-03-28T18:00:00+00:00, 2024-03-28T18:30:00+00:00
0.048, 2024-03-28T18:30:00+00:00, 2024-03-28T19:00:00+00:00
0.044, 2024-03-28T19:00:00+00:00, 2024-03-28T19:30:00+00:00
0.000, 2024-03-28T19:30:00+00:00, 2024-03-28T20:00:00+00:00
0.333, 2024-03-28T20:00:00+00:00, 2024-03-28T20:30:00+00:00
0.370, 2024-03-28T20:30:00+00:00, 2024-03-28T21:00:00+00:00
0.289, 2024-03-28T21:00:00+00:00, 2024-03-28T21:30:00+00:00
0.737, 2024-03-28T21:30:00+00:00, 2024-03-28T22:00:00+00:00
0.006, 2024-03-28T22:00:00+00:00, 2024-03-28T22:30:00+00:00
0.000, 2024-03-28T22:30:00+00:00, 2024-03-28T23:00:00+00:00
0.000, 2024-03-28T23:00:00+00:00, 2024-03-28T23:30:00+00:00
0.000, 2024-03-28T23:30:00+00:00, 2024-03-29T00:00:00+00:00
0.000, 2024-03-29T00:00:00+00:00, 2024-03-29T00:30:00+00:00
0.000, 2024-03-29T00:30:00+00:00, 2024-03-29T01:00:00+00:00
0.000, 2024-03-29T01:00:00+00:00, 2024-03-29T01:30:00+00:00
0.000, 2024-03-29T01:30:00+00:00, 2024-03-29T02:00:00+00:00
0.000, 2024-03-29T02:00:00+00:00, 2024-03-29T02:30:00+00:00
0.000, 2024-03-29T02:30:00+00:00, 2024-03-29T03:00:00+00:00
0.000, 2024-03-29T03:00:00+00:00, 2024-03-29T03:30:00+00:00
0.000, 2024-03-29T03:30:00+00:00, 2024-03-29T04:00:00+00:00
0.000, 2024-03-29T04:00:00+00:00, 2024-03-29T04:30:00+00:00
0.000, 2024-03-29T04:30:00+00:00, 2024-03-29T05:00:00+00:00
0.000, 2024-03-29T05:00:00+00:00, 2024-03-29T05:30:00+00:00
0.000, 2024-03-29T05:30:00+00:00, 2024-03-29T06:00:00+00:00
0.000, 2024-03-29T06:00:00+00:00, 2024-03-29T06:30:00+00:00
0.000, 2024-03-29T06:30:00+00:00, 2024-03-29T07:00:00+00:00
0.029, 2024-03-29T07:00:00+00:00, 2024-03-29T07:30:00+00:00
0.666, 2024-03-29T07:30:00+00:00, 2024-03-29T08:00:00+00:00
0.387, 2024-03-29T08:00:00+00:00, 2024-03-29T08:30:00+00:00
0.011, 2024-03-29T08:30:00+00:00, 2024-03-29T09:00:00+00:00
0.288, 2024-03-29T09:00:00+00:00, 2024-03-29T09:30:00+00:00
0.221, 2024-03-29T09:30:00+00:00, 2024-03-29T10:00:00+00:00
0.052, 2024-03-29T10:00:00+00:00, 2024-03-29T10:30:00+00:00
0.060, 2024-03-29T10:30:00+00:00, 2024-03-29T11:00:00+00:00
0.007, 2024-03-29T11:00:00+00:00, 2024-03-29T11:30:00+00:00
0.000, 2024-03-29T11:30:00+00:00, 2024-03-29T12:00:00+00:00
0.000, 2024-03-29T12:00:00+00:00, 2024-03-29T12:30:00+00:00
0.000, 2024-03-29T12:30:00+00:00, 2024-03-29T13:00:00+00:00
0.000, 2024-03-29T13:00:00+00:00, 2024-03-29T13:30:00+00:00
0.000, 2024-03-29T13:30:00+00:00, 2024-03-29T14:00:00+00:00
0.000, 2024-03-29T14:00:00+00:00, 2024-03-29T14:30:00+00:00
0.000, 2024-03-29T14:30:00+00:00, 2024-03-29T15:00:00+00:00
0.000, 2024-03-29T15:00:00+00:00, 2024-03-29T15:30:00+00:00
0.000, 2024-03-29T15:30:00+00:00, 2024-03-29T16:00:00+00:00
0.000, 2024-03-29T16:00:00+00:00, 2024-03-29T16:30:00+00:00
0.000, 2024-03-29T16:30:00+00:00, 2024-03-29T17:00:00+00:00
0.000, 2024-03-29T17:00:00+00:00, 2024-03-29T17:30:00+00:00
0.000, 2024-03-29T17:30:00+00:00, 2024-03-29T18:00:00+00:00
0.000, 2024-03-29T18:00:00+00:00, 2024-03-29T18:30:00+00:00
0.000, 2024-03-29T18:30:00+00:00, 2024-03-29T19:00:00+00:00
0.000, 2024-03-29T19:00:00+00:00, 2024-03-29T19:30:00+00:00
0.000, 2024-03-29T19:30:00+00:00, 2024-03-29T20:00:00+00:00
0.000, 2024-03-29T20:00:00+00:00, 2024-03-29T20:30:00+00:00
0.000, 2024-03-29T20:30:00+00:00, 2024-03-29T21:00:00+00:00
0.000, 2024-03-29T21:00:00+00:00, 2024-03-29T21:30:00+00:00
0.000, 2024-03-29T21:30:00+00:00, 2024-03-29T22:00:00+00:00
0.000, 2024-03-29T22:00:00+00:00, 2024-03-29T22:30:00+00:00
0.000, 2024-03-29T22:30:00+00:00, 2024-03-29T23:00:00+00:00
0.000, 2024-03-29T23:00:00+00:00, 2024-03-29T23:30:00+00:00
0.000, 2024-03-29T23:30:00+00:00, 2024-03-30T00:00:00+00:00
0.000, 2024-03-30T00:00:00+00:00, 2024-03-30T00:30:00+00:00
0.000, 2024-03-30T00:30:00+00:00, 2024-03-30T01:00:00+00:00
0.000, 2024-03-30T01:00:00+00:00, 2024-03-30T01:30:00+00:00
0.000, 2024-03-30T01:30:00+00:00, 2024-03-30T02:00:00+00:00
0.000, 2024-03-30T02:00:00+00:00, 2024-03-30T02:30:00+00:00
0.000, 2024-03-30T02:30:00+00:00, 2024-03-30T03:00:00+00:00
0.000, 2024-03-30T03:00:00+00:00, 2024-03-30T03:30:00+00:00
0.000, 2024-03-30T03:30:00+00:00, 2024-03-30T04:00:00+00:00
0.000, 2024-03-30T04:00:00+00:00, 2024-03-30T04:30:00+00:00
0.000, 2024-03-30T04:30:00+00:00, 2024-03-30T05:00:00+00:00
0.000, 2024-03-30T05:00:00+00:00, 2024-03-30T05:30:00+00:00
0.000, 2024-03-30T05:30:00+00:00, 2024-03-30T06:00:00+00:00
0.000, 2024-03-30T06:00:00+00:00, 2024-03-30T06:30:00+00:00
0.000, 2024-03-30T06:30:00+00:00, 2024-03-30T07:00:00+00:00
0.000, 2024-03-30T07:00:00+00:00, 2024-03-30T07:30:00+00:00
0.000, 2024-03-30T07:30:00+00:00, 2024-03-30T08:00:00+00:00
0.000, 2024-03-30T08:00:00+00:00, 2024-03-30T08:30:00+00:00
0.657, 2024-03-30T08:30:00+00:00, 2024-03-30T09:00:00+00:00
0.422, 2024-03-30T09:00:00+00:00, 2024-03-30T09:30:00+00:00
0.011, 2024-03-30T09:30:00+00:00, 2024-03-30T10:00:00+00:00
0.000, 2024-03-30T10:00:00+00:00, 2024-03-30T10:30:00+00:00
0.000, 2024-03-30T10:30:00+00:00, 2024-03-30T11:00:00+00:00
0.000, 2024-03-30T11:00:00+00:00, 2024-03-30T11:30:00+00:00
0.000, 2024-03-30T11:30:00+00:00, 2024-03-30T12:00:00+00:00
0.000, 2024-03-30T12:00:00+00:00, 2024-03-30T12:30:00+00:00
0.013, 2024-03-30T12:30:00+00:00, 2024-03-30T13:00:00+00:00
0.000, 2024-03-30T13:00:00+00:00, 2024-03-30T13:30:00+00:00
0.000, 2024-03-30T13:30:00+00:00, 2024-03-30T14:00:00+00:00
0.000, 2024-03-30T14:00:00+00:00, 2024-03-30T14:30:00+00:00
0.000, 2024-03-30T14:30:00+00:00, 2024-03-30T15:00:00+00:00
0.000, 2024-03-30T15:00:00+00:00, 2024-03-30T15:30:00+00:00
0.000, 2024-03-30T15:30:00+00:00, 2024-03-30T16:00:00+00:00
0.007, 2024-03-30T16:00:00+00:00, 2024-03-30T16:30:00+00:00
0.153, 2024-03-30T16:30:00+00:00, 2024-03-30T17:00:00+00:00
0.216, 2024-03-30T17:00:00+00:00, 2024-03-30T17:30:00+00:00
0.000, 2024-03-30T17:30:00+00:00, 2024-03-30T18:00:00+00:00
0.003, 2024-03-30T18:00:00+00:00, 2024-03-30T18:30:00+00:00
0.000, 2024-03-30T18:30:00+00:00, 2024-03-30T19:00:00+00:00
0.000, 2024-03-30T19:00:00+00:00, 2024-03-30T19:30:00+00:00
0.000, 2024-03-30T19:30:00+00:00, 2024-03-30T20:00:00+00:00
0.000, 2024-03-30T20:00:00+00:00, 2024-03-30T20:30:00+00:00
0.000, 2024-03-30T20:30:00+00:00, 2024-03-30T21:00:00+00:00
0.000, 2024-03-30T21:00:00+00:00, 2024-03-30T21:30:00+00:00
0.000, 2024-03-30T21:30:00+00:00, 2024-03-30T22:00:00+00:00
0.000, 2024-03-30T22:00:00+00:00, 2024-03-30T22:30:00+00:00
0.000, 2024-03-30T22:30:00+00:00, 2024-03-30T23:00:00+00:00
0.006, 2024-03-30T23:00:00+00:00, 2024-03-30T23:30:00+00:00
0.031, 2024-03-30T23:30:00+00:00, 2024-03-31T00:00:00+00:00
0.000, 2024-03-31T00:00:00+00:00, 2024-03-31T00:30:00+00:00
0.000, 2024-03-31T00:30:00+00:00, 2024-03-31T02:00:00+01:00
0.000, 2024-03-31T02:00:00+01:00, 2024-03-31T02:30:00+01:00
0.000, 2024-03-31T02:30:00+01:00, 2024-03-31T03:00:00+01:00
0.000, 2024-03-31T03:00:00+01:00, 2024-03-31T03:30:00+01:00
0.000, 2024-03-31T03:30:00+01:00, 2024-03-31T04:00:00+01:00
0.000, 2024-03-31T04:00:00+01:00, 2024-03-31T04:30:00+01:00
0.000, 2024-03-31T04:30:00+01:00, 2024-03-31T05:00:00+01:00
0.000, 2024-03-31T05:00:00+01:00, 2024-03-31T05:30:00+01:00
0.000, 2024-03-31T05:30:00+01:00, 2024-03-31T06:00:00+01:00
0.000, 2024-03-31T06:00:00+01:00, 2024-03-31T06:30:00+01:00
0.000, 2024-03-31T06:30:00+01:00, 2024-03-31T07:00:00+01:00
0.000, 2024-03-31T07:00:00+01:00, 2024-03-31T07:30:00+01:00
0.000, 2024-03-31T07:30:00+01:00, 2024-03-31T08:00:00+01:00
0.000, 2024-03-31T08:00:00+01:00, 2024-03-31T08:30:00+01:00
0.200, 2024-03-31T08:30:00+01:00, 2024-03-31T09:00:00+01:00
0.000, 2024-03-31T09:00:00+01:00, 2024-03-31T09:30:00+01:00
0.000, 2024-03-31T09:30:00+01:00, 2024-03-31T10:00:00+01:00
0.038, 2024-03-31T10:00:00+01:00, 2024-03-31T10:30:00+01:00
0.022, 2024-03-31T10:30:00+01:00, 2024-03-31T11:00:00+01:00
0.525, 2024-03-31T11:00:00+01:00, 2024-03-31T11:30:00+01:00
0.401, 2024-03-31T11:30:00+01:00, 2024-03-31T12:00:00+01:00
0.089, 2024-03-31T12:00:00+01:00, 2024-03-31T12:30:00+01:00
0.000, 2024-03-31T12:30:00+01:00, 2024-03-31T13:00:00+01:00
0.000, 2024-03-31T13:00:00+01:00, 2024-03-31T13:30:00+01:00
0.000, 2024-03-31T13:30:00+01:00, 2024-03-31T14:00:00+01:00
0.320, 2024-03-31T14:00:00+01:00, 2024-03-31T14:30:00+01:00
0.341, 2024-03-31T14:30:00+01:00, 2024-03-31T15:00:00+01:00
0.251, 2024-03-31T15:00:00+01:00, 2024-03-31T15:30:00+01:00
0.193, 2024-03-31T15:30:00+01:00, 2024-03-31T16:00:00+01:00
0.153, 2024-03-31T16:00:00+01:00, 2024-03-31T16:30:00+01:00
0.144, 2024-03-31T16:30:00+01:00, 2024-03-31T17:00:00+01:00
0.148, 2024-03-31T17:00:00+01:00, 2024-03-31T17:30:00+01:00
0.180, 2024-03-31T17:30:00+01:00, 2024-03-31T18:00:00+01:00
0.183, 2024-03-31T18:00:00+01:00, 2024-03-31T18:30:00+01:00
0.148, 2024-03-31T18:30:00+01:00, 2024-03-31T19:00:00+01:00
0.144, 2024-03-31T19:00:00+01:00, 2024-03-31T19:30:00+01:00
0.124, 2024-03-31T19:30:00+01:00, 2024-03-31T20:00:00+01:00
0.000, 2024-03-31T20:00:00+01:00, 2024-03-31T20:30:00+01:00
0.000, 2024-03-31T20:30:00+01:00, 2024-03-31T21:00:00+01:00
0.008, 2024-03-31T21:00:00+01:00, 2024-03-31T21:30:00+01:00
0.061, 2024-03-31T21:30:00+01:00, 2024-03-31T22:00:00+01:00
0.163, 2024-03-31T22:00:00+01:00, 2024-03-31T22:30:00+01:00
0.129, 2024-03-31T22:30:00+01:00, 2024-03-31T23:00:00+01:00
0.031, 2024-03-31T23:00:00+01:00, 2024-03-31T23:30:00+01:00
0.000, 2024-03-31T23:30:00+01:00, 2024-04-01T00:00:00+01:00
0.000, 2024-04-01T00:00:00+01:00, 2024-04-01T00:30:00+01:00
0.024, 2024-04-01T00:30:00+01:00, 2024-04-01T01:00:00+01:00
0.000, 2024-04-01T01:00:00+01:00, 2024-04-01T01:30:00+01:00
0.000, 2024-04-01T01:30:00+01:00, 2024-04-01T02:00:00+01:00
0.000, 2024-04-01T02:00:00+01:00, 2024-04-01T02:30:00+01:00
0.000, 2024-04-01T02:30:00+01:00, 2024-04-01T03:00:00+01:00
0.000, 2024-04-01T03:00:00+01:00, 2024-04-01T03:30:00+01:00
0.000, 2024-04-01T03:30:00+01:00, 2024-04-01T04:00:00+01:00
0.000, 2024-04-01T04:00:00+01:00, 2024-04-01T04:30:00+01:00
0.000, 2024-04-01T04:30:00+01:00, 2024-04-01T05:00:00+01:00
0.000, 2024-04-01T05:00:00+01:00, 2024-04-01T05:30:00+01:00
0.000, 2024-04-01T05:30:00+01:00, 2024-04-01T06:00:00+01:00
0.000, 2024-04-01T06:00:00+01:00, 2024-04-01T06:30:00+01:00
0.000, 2024-04-01T06:30:00+01:00, 2024-04-01T07:00:00+01:00
0.000, 2024-04-01T07:00:00+01:00, 2024-04-01T07:30:00+01:00
0.000, 2024-04-01T07:30:00+01:00, 2024-04-01T08:00:00+01:00
0.000, 2024-04-01T08:00:00+01:00, 2024-04-01T08:30:00+01:00
0.033, 2024-04-01T08:30:00+01:00, 2024-04-01T09:00:00+01:00
0.000, 2024-04-01T09:00:00+01:00, 2024-04-01T09:30:00+01:00
0.000, 2024-04-01T09:30:00+01:00, 2024-04-01T10:00:00+01:00
0.000, 2024-04-01T10:00:00+01:00, 2024-04-01T10:30:00+01:00
0.000, 2024-04-01T10:30:00+01:00, 2024-04-01T11:00:00+01:00
0.003, 2024-04-01T11:00:00+01:00, 2024-04-01T11:30:00+01:00
0.000, 2024-04-01T11:30:00+01:00, 2024-04-01T12:00:00+01:00
0.003, 2024-04-01T12:00:00+01:00, 2024-04-01T12:30:00+01:00
0.000, 2024-04-01T12:30:00+01:00, 2024-04-01T13:00:00+01:00
0.000, 2024-04-01T13:00:00+01:00, 2024-04-01T13:30:00+01:00
0.035, 2024-04-01T13:30:00+01:00, 2024-04-01T14:00:00+01:00
0.000, 2024-04-01T14:00:00+01:00, 2024-04-01T14:30:00+01:00
0.000, 2024-04-01T14:30:00+01:00, 2024-04-01T15:00:00+01:00
0.000, 2024-04-01T15:00:00+01:00, 2024-04-01T15:30:00+01:00
0.005, 2024-04-01T15:30:00+01:00, 2024-04-01T16:00:00+01:00
0.037, 2024-04-01T16:00:00+01:00, 2024-04-01T16:30:00+01:00
0.017, 2024-04-01T16:30:00+01:00, 2024-04-01T17:00:00+01:00
0.000, 2024-04-01T17:00:00+01:00, 2024-04-01T17:30:00+01:00
0.000, 2024-04-01T17:30:00+01:00, 2024-04-01T18:00:00+01:00
0.020, 2024-04-01T18:00:00+01:00, 2024-04-01T18:30:00+01:00
0.063, 2024-04-01T18:30:00+01:00, 2024-04-01T19:00:00+01:00
0.000, 2024-04-01T19:00:00+01:00, 2024-04-01T19:30:00+01:00
0.000, 2024-04-01T19:30:00+01:00, 2024-04-01T20:00:00+01:00
0.020, 2024-04-01T20:00:00+01:00, 2024-04-01T20:30:00+01:00
0.000, 2024-04-01T20:30:00+01:00, 2024-04-01T21:00:00+01:00
0.000, 2024-04-01T21:00:00+01:00, 2024-04-01T21:30:00+01:00
0.000, 2024-04-01T21:30:00+01:00, 2024-04-01T22:00:00+01:00
0.061, 2024-04-01T22:00:00+01:00, 2024-04-01T22:30:00+01:00
0.000, 2024-04-01T22:30:00+01:00, 2024-04-01T23:00:00+01:00
0.000, 2024-04-01T23:00:00+01:00, 2024-04-01T23:30:00+01:00
0.000, 2024-04-01T23:30:00+01:00, 2024-04-02T00:00:00+01:00
0.000, 2024-04-02T00:00:00+01:00, 2024-04-02T00:30:00+01:00
0.000, 2024-04-02T00:30:00+01:00, 2024-04-02T01:00:00+01:00
0.000, 2024-04-02T01:00:00+01:00, 2024-04-02T01:30:00+01:00
0.000, 2024-04-02T01:30:00+01:00, 2024-04-02T02:00:00+01:00
0.000, 2024-04-02T02:00:00+01:00, 2024-04-02T02:30:00+01:00
0.000, 2024-04-02T02:30:00+01:00, 2024-04-02T03:00:00+01:00
0.000, 2024-04-02T03:00:00+01:00, 2024-04-02T03:30:00+01:00
0.000, 2024-04-02T03:30:00+01:00, 2024-04-02T04:00:00+01:00
0.000, 2024-04-02T04:00:00+01:00, 2024-04-02T04:30:00+01:00
0.000, 2024-04-02T04:30:00+01:00, 2024-04-02T05:00:00+01:00
0.026, 2024-04-02T05:00:00+01:00, 2024-04-02T05:30:00+01:00
0.075, 2024-04-02T05:30:00+01:00, 2024-04-02T06:00:00+01:00
0.073, 2024-04-02T06:00:00+01:00, 2024-04-02T06:30:00+01:00
0.386, 2024-04-02T06:30:00+01:00, 2024-04-02T07:00:00+01:00
0.003, 2024-04-02T07:00:00+01:00, 2024-04-02T07:30:00+01:00
0.000, 2024-04-02T07:30:00+01:00, 2024-04-02T08:00:00+01:00
0.000, 2024-04-02T08:00:00+01:00, 2024-04-02T08:30:00+01:00
0.395, 2024-04-02T08:30:00+01:00, 2024-04-02T09:00:00+01:00
0.038, 2024-04-02T09:00:00+01:00, 2024-04-02T09:30:00+01:00
0.000, 2024-04-02T09:30:00+01:00, 2024-04-02T10:00:00+01:00
0.000, 2024-04-02T10:00:00+01:00, 2024-04-02T10:30:00+01:00
0.000, 2024-04-02T10:30:00+01:00, 2024-04-02T11:00:00+01:00
0.006, 2024-04-02T11:00:00+01:00, 2024-04-02T11:30:00+01:00
0.010, 2024-04-02T11:30:00+01:00, 2024-04-02T12:00:00+01:00
0.000, 2024-04-02T12:00:00+01:00, 2024-04-02T12:30:00+01:00
0.005, 2024-04-02T12:30:00+01:00, 2024-04-02T13:00:00+01:00
0.000, 2024-04-02T13:00:00+01:00, 2024-04-02T13:30:00+01:00
0.000, 2024-04-02T13:30:00+01:00, 2024-04-02T14:00:00+01:00
0.000, 2024-04-02T14:00:00+01:00, 2024-04-02T14:30:00+01:00
0.000, 2024-04-02T14:30:00+01:00, 2024-04-02T15:00:00+01:00
0.000, 2024-04-02T15:00:00+01:00, 2024-04-02T15:30:00+01:00
0.000, 2024-04-02T15:30:00+01:00, 2024-04-02T16:00:00+01:00
0.000, 2024-04-02T16:00:00+01:00, 2024-04-02T16:30:00+01:00
0.363, 2024-04-02T16:30:00+01:00, 2024-04-02T17:00:00+01:00
0.324, 2024-04-02T17:00:00+01:00, 2024-04-02T17:30:00+01:00
0.017, 2024-04-02T17:30:00+01:00, 2024-04-02T18:00:00+01:00
0.019, 2024-04-02T18:00:00+01:00, 2024-04-02T18:30:00+01:00
0.017, 2024-04-02T18:30:00+01:00, 2024-04-02T19:00:00+01:00
0.000, 2024-04-02T19:00:00+01:00, 2024-04-02T19:30:00+01:00
0.000, 2024-04-02T19:30:00+01:00, 2024-04-02T20:00:00+01:00
0.012, 2024-04-02T20:00:00+01:00, 2024-04-02T20:30:00+01:00
0.000, 2024-04-02T20:30:00+01:00, 2024-04-02T21:00:00+01:00
0.128, 2024-04-02T21:00:00+01:00, 2024-04-02T21:30:00+01:00
0.410, 2024-04-02T21:30:00+01:00, 2024-04-02T22:00:00+01:00
0.086, 2024-04-02T22:00:00+01:00, 2024-04-02T22:30:00+01:00
0.070, 2024-04-02T22:30:00+01:00, 2024-04-02T23:00:00+01:00
0.000, 2024-04-02T23:00:00+01:00, 2024-04-02T23:30:00+01:00
0.000, 2024-04-02T23:30:00+01:00, 2024-04-03T00:00:00+01:00
0.000, 2024-04-03T00:00:00+01:00, 2024-04-03T00:30:00+01:00
0.000, 2024-04-03T00:30:00+01:00, 2024-04-03T01:00:00+01:00
